Date,Open,High,Low,Close,Change %
"Dec 17, 2019","1,166.44","1,168.28","1,157.89","1,158.75",-0.46
"Dec 16, 2019","1,162.24","1,164.85","1,157.45","1,164.12",-0.11
"Dec 13, 2019","1,152.93","1,166.58","1,150.07","1,165.36",0.78
"Dec 12, 2019","1,179.44","1,180.61","1,155.46","1,156.39",-2.12
"Dec 11, 2019","1,180.53","1,181.56","1,174.49","1,181.44",-0.00
"Dec 10, 2019","1,183.50","1,186.57","1,178.40","1,181.46",-0.06
"Dec 09, 2019","1,185.13","1,185.93","1,178.16","1,182.19",-0.43
"Dec 06, 2019","1,195.23","1,195.23","1,185.94","1,187.27",-0.99
"Dec 05, 2019","1,196.12","1,201.03","1,193.93","1,199.10",0.21
"Dec 04, 2019","1,201.05","1,201.43","1,190.30","1,196.60",-0.51
"Dec 03, 2019","1,195.45","1,204.83","1,194.86","1,202.72",0.98
"Dec 02, 2019","1,196.15","1,196.50","1,182.10","1,190.99",-0.63
"Nov 29, 2019","1,197.35","1,202.07","1,194.33","1,198.57",0.34
"Nov 28, 2019","1,194.50","1,194.50","1,194.50","1,194.50",0.00
"Nov 27, 2019","1,198.37","1,201.14","1,191.47","1,194.50",-0.48
"Nov 26, 2019","1,183.80","1,200.93","1,183.80","1,200.21",1.39
"Nov 25, 2019","1,193.86","1,201.05","1,182.72","1,183.72",-1.03
"Nov 22, 2019","1,206.57","1,207.27","1,193.61","1,196.02",-0.95
"Nov 21, 2019","1,213.67","1,220.40","1,206.24","1,207.55",-0.76
"Nov 20, 2019","1,212.00","1,226.28","1,205.42","1,216.75",0.82
"Nov 19, 2019","1,195.04","1,209.15","1,193.91","1,206.80",1.02
"Nov 18, 2019","1,183.74","1,198.71","1,183.74","1,194.58",1.19
"Nov 15, 2019","1,184.58","1,188.31","1,175.15","1,180.48",-0.62
"Nov 14, 2019","1,186.04","1,188.51","1,179.88","1,187.83",0.32
"Nov 13, 2019","1,171.85","1,185.00","1,171.85","1,184.10",1.62
"Nov 12, 2019","1,157.89","1,168.36","1,155.17","1,165.25",0.64
"Nov 11, 2019","1,150.97","1,161.26","1,150.86","1,157.86",1.03
"Nov 08, 2019","1,150.36","1,161.52","1,145.73","1,146.09",0.19
"Nov 07, 2019","1,150.72","1,150.72","1,138.28","1,143.97",-1.24
"Nov 06, 2019","1,141.10","1,158.69","1,140.57","1,158.33",1.61
"Nov 05, 2019","1,159.27","1,159.27","1,129.54","1,140.02",-1.89
"Nov 04, 2019","1,193.15","1,193.15","1,160.55","1,161.93",-3.15
"Nov 01, 2019","1,225.18","1,225.31","1,199.46","1,199.72",-2.46
"Oct 31, 2019","1,223.58","1,242.45","1,223.47","1,229.94",0.87
"Oct 30, 2019","1,205.48","1,222.95","1,201.11","1,219.28",1.01
"Oct 29, 2019","1,204.73","1,214.26","1,203.66","1,207.11",0.76
"Oct 28, 2019","1,204.78","1,204.78","1,192.76","1,198.06",-0.77
"Oct 25, 2019","1,226.95","1,227.27","1,206.47","1,207.34",-1.43
"Oct 24, 2019","1,206.89","1,233.47","1,206.25","1,224.84",1.20
"Oct 23, 2019","1,216.61","1,225.44","1,206.50","1,210.35",-0.47
"Oct 22, 2019","1,246.45","1,253.29","1,215.11","1,216.10",-2.28
"Oct 21, 2019","1,252.03","1,252.03","1,236.77","1,244.42",-1.11
"Oct 18, 2019","1,260.50","1,262.35","1,253.30","1,258.34",0.00
"Oct 17, 2019","1,257.03","1,264.15","1,252.08","1,258.33",-0.03
"Oct 16, 2019","1,261.19","1,261.19","1,242.53","1,258.65",-0.36
"Oct 15, 2019","1,279.65","1,285.54","1,257.53","1,263.22",-1.25
"Oct 14, 2019","1,282.26","1,293.53","1,275.46","1,279.19",0.22
"Oct 11, 2019","1,296.61","1,296.61","1,272.79","1,276.36",-2.21
"Oct 10, 2019","1,307.49","1,311.55","1,296.79","1,305.27",-0.51
"Oct 09, 2019","1,303.23","1,315.39","1,303.23","1,312.00",0.36
"Oct 08, 2019","1,302.88","1,307.80","1,297.64","1,307.35",1.01
"Oct 07, 2019","1,293.42","1,297.46","1,285.32","1,294.29",0.10
"Oct 04, 2019","1,286.81","1,299.61","1,285.65","1,292.98",0.65
"Oct 03, 2019","1,281.65","1,296.59","1,280.55","1,284.57",0.50
"Oct 02, 2019","1,272.61","1,284.97","1,266.13","1,278.18",0.84
"Oct 01, 2019","1,242.40","1,271.32","1,233.74","1,267.58",1.96
"Sep 30, 2019","1,240.61","1,252.38","1,238.51","1,243.27",0.05
"Sep 27, 2019","1,253.72","1,253.88","1,236.34","1,242.67",-0.90
"Sep 26, 2019","1,243.02","1,255.76","1,243.02","1,253.91",1.12
"Sep 25, 2019","1,255.81","1,256.58","1,234.58","1,239.97",-1.18
"Sep 24, 2019","1,237.27","1,258.06","1,236.95","1,254.78",1.64
"Sep 23, 2019","1,239.56","1,244.50","1,231.69","1,234.54",0.13
"Sep 20, 2019","1,228.00","1,236.82","1,219.63","1,232.93",0.32
"Sep 19, 2019","1,222.07","1,229.91","1,219.41","1,228.99",0.62
"Sep 18, 2019","1,220.12","1,226.04","1,213.71","1,221.40",0.56
"Sep 17, 2019","1,189.25","1,220.70","1,189.25","1,214.58",2.93
"Sep 16, 2019","1,188.17","1,191.04","1,176.10","1,179.95",-0.64
"Sep 13, 2019","1,190.75","1,198.23","1,175.74","1,187.57",-0.90
"Sep 12, 2019","1,192.37","1,214.62","1,192.37","1,198.30",1.19
"Sep 11, 2019","1,201.15","1,223.93","1,183.70","1,184.18",-1.77
"Sep 10, 2019","1,251.13","1,251.13","1,203.99","1,205.46",-4.08
"Sep 09, 2019","1,311.08","1,314.03","1,255.94","1,256.74",-4.53
"Sep 06, 2019","1,318.69","1,328.20","1,313.71","1,316.42",-0.14
"Sep 05, 2019","1,340.58","1,340.71","1,315.28","1,318.30",-2.41
"Sep 04, 2019","1,356.12","1,360.34","1,349.01","1,350.85",-0.91
"Sep 03, 2019","1,351.94","1,369.66","1,351.47","1,363.22",1.25
"Sep 02, 2019","1,346.34","1,346.34","1,346.34","1,346.34",-0.00
"Aug 30, 2019","1,353.51","1,353.51","1,341.70","1,346.35",-0.76
"Aug 29, 2019","1,365.24","1,365.29","1,351.74","1,356.68",-0.83
"Aug 28, 2019","1,376.35","1,379.18","1,363.96","1,368.07",-0.62
"Aug 27, 2019","1,362.01","1,377.63","1,362.01","1,376.67",0.99
"Aug 26, 2019","1,354.81","1,364.00","1,354.00","1,363.14",0.36
"Aug 23, 2019","1,352.54","1,361.16","1,351.54","1,358.29",0.76
"Aug 22, 2019","1,344.23","1,348.39","1,340.81","1,348.10",0.22
"Aug 21, 2019","1,339.68","1,346.56","1,338.23","1,345.16",0.15
"Aug 20, 2019","1,340.52","1,346.91","1,337.54","1,343.10",0.25
"Aug 19, 2019","1,343.59","1,344.01","1,337.75","1,339.74",-0.65
"Aug 16, 2019","1,357.21","1,358.14","1,346.33","1,348.47",-0.68
"Aug 15, 2019","1,341.13","1,359.23","1,340.60","1,357.74",1.34
"Aug 14, 2019","1,339.60","1,347.10","1,338.43","1,339.80",0.61
"Aug 13, 2019","1,333.78","1,337.05","1,317.71","1,331.65",-0.27
"Aug 12, 2019","1,331.78","1,341.23","1,330.39","1,335.28",0.57
"Aug 09, 2019","1,313.43","1,328.82","1,313.43","1,327.76",1.48
"Aug 08, 2019","1,301.85","1,312.06","1,298.97","1,308.38",0.42
"Aug 07, 2019","1,300.90","1,308.82","1,297.77","1,302.97",0.61
"Aug 06, 2019","1,280.96","1,301.96","1,279.56","1,295.07",0.80
"Aug 05, 2019","1,285.75","1,294.33","1,284.01","1,284.76",0.38
"Aug 02, 2019","1,275.24","1,282.67","1,268.89","1,279.96",0.81
"Aug 01, 2019","1,239.36","1,272.02","1,239.36","1,269.73",2.70
"Jul 31, 2019","1,227.76","1,238.91","1,227.76","1,236.30",0.77
"Jul 30, 2019","1,242.99","1,247.80","1,226.61","1,226.91",-1.07
"Jul 29, 2019","1,241.04","1,246.08","1,236.67","1,240.20",-0.05
"Jul 26, 2019","1,242.58","1,248.38","1,238.67","1,240.88",-0.23
"Jul 25, 2019","1,229.92","1,246.65","1,229.61","1,243.69",1.03
"Jul 24, 2019","1,244.83","1,244.83","1,229.89","1,231.06",-0.88
"Jul 23, 2019","1,254.86","1,256.31","1,238.71","1,242.03",-1.34
"Jul 22, 2019","1,255.40","1,263.47","1,251.50","1,258.89",0.09
"Jul 19, 2019","1,268.96","1,269.95","1,256.25","1,257.82",-0.90
"Jul 18, 2019","1,270.79","1,271.74","1,266.07","1,269.27",-0.01
"Jul 17, 2019","1,263.56","1,273.17","1,263.56","1,269.45",0.71
"Jul 16, 2019","1,265.00","1,269.32","1,254.79","1,260.53",-0.32
"Jul 15, 2019","1,259.89","1,269.75","1,257.49","1,264.57",0.51
"Jul 12, 2019","1,267.07","1,267.07","1,251.53","1,258.21",-0.79
"Jul 11, 2019","1,264.00","1,271.05","1,260.77","1,268.22",0.30
"Jul 10, 2019","1,258.58","1,267.12","1,257.20","1,264.48",0.31
"Jul 09, 2019","1,262.00","1,265.40","1,260.11","1,260.52",0.25
"Jul 08, 2019","1,249.14","1,258.72","1,246.53","1,257.41",0.90
"Jul 05, 2019","1,245.63","1,247.41","1,235.02","1,246.18",0.00
"Jul 04, 2019","1,240.03","1,248.42","1,240.03","1,246.16",0.00
"Jul 03, 2019","1,240.03","1,248.42","1,240.03","1,246.16",0.33
"Jul 02, 2019","1,230.06","1,244.18","1,230.06","1,242.11",1.20
"Jul 01, 2019","1,214.42","1,229.66","1,209.31","1,227.38",0.34
"Jun 28, 2019","1,225.54","1,226.07","1,217.53","1,223.19",-0.45
"Jun 27, 2019","1,234.28","1,235.06","1,226.54","1,228.78",-0.54
"Jun 26, 2019","1,252.06","1,252.10","1,234.11","1,235.40",-1.64
"Jun 25, 2019","1,262.16","1,266.82","1,254.28","1,255.94",-0.51
"Jun 24, 2019","1,257.09","1,262.66","1,253.21","1,262.43",0.53
"Jun 21, 2019","1,260.16","1,263.42","1,253.78","1,255.72",-0.36
"Jun 20, 2019","1,258.46","1,263.64","1,256.51","1,260.26",-0.30
"Jun 19, 2019","1,251.74","1,264.20","1,246.99","1,264.00",0.78
"Jun 18, 2019","1,266.24","1,266.95","1,248.08","1,254.23",-1.06
"Jun 17, 2019","1,270.27","1,274.56","1,260.00","1,267.67",-0.09
"Jun 14, 2019","1,262.64","1,275.17","1,262.64","1,268.83",0.77
"Jun 13, 2019","1,273.14","1,274.14","1,258.78","1,259.13",-1.16
"Jun 12, 2019","1,261.10","1,274.11","1,261.10","1,273.85",1.26
"Jun 11, 2019","1,258.58","1,261.36","1,252.25","1,257.99",-0.55
"Jun 10, 2019","1,267.18","1,267.60","1,257.22","1,264.98",-0.47
"Jun 07, 2019","1,269.67","1,279.56","1,268.31","1,270.94",0.15
"Jun 06, 2019","1,265.28","1,274.72","1,261.93","1,269.01",0.56
"Jun 05, 2019","1,241.89","1,264.88","1,241.89","1,261.98",1.57
"Jun 04, 2019","1,259.13","1,259.95","1,239.84","1,242.50",-1.77
"Jun 03, 2019","1,278.54","1,281.31","1,262.13","1,264.88",-1.04
"May 31, 2019","1,268.39","1,279.04","1,267.43","1,278.23",0.93
"May 30, 2019","1,256.92","1,266.84","1,254.27","1,266.50",0.95
"May 29, 2019","1,258.04","1,259.47","1,253.87","1,254.61",-0.20
"May 28, 2019","1,249.60","1,259.52","1,249.44","1,257.11",0.68
"May 24, 2019","1,245.18","1,249.07","1,244.61","1,248.61",0.15
"May 23, 2019","1,248.75","1,251.33","1,245.66","1,246.77",0.08
"May 22, 2019","1,239.33","1,245.90","1,239.23","1,245.76",0.81
"May 21, 2019","1,238.71","1,239.84","1,234.35","1,235.73",-0.32
"May 20, 2019","1,238.56","1,241.55","1,235.26","1,239.70",0.30
"May 17, 2019","1,232.26","1,236.11","1,229.46","1,235.98",0.54
"May 16, 2019","1,219.76","1,229.41","1,219.35","1,229.38",0.92
"May 15, 2019","1,220.30","1,225.96","1,217.44","1,218.13",0.03
"May 14, 2019","1,217.81","1,220.45","1,216.00","1,217.72",-0.05
"May 13, 2019","1,212.99","1,218.99","1,212.06","1,218.27",0.69
"May 10, 2019","1,207.00","1,210.64","1,206.34","1,209.93",0.33
"May 09, 2019","1,208.43","1,209.07","1,204.05","1,205.92",0.06
"May 08, 2019","1,199.20","1,205.46","1,197.39","1,205.25",0.61
"May 07, 2019","1,198.69","1,199.69","1,195.28","1,198.00",0.31
"May 06, 2019","1,191.32","1,202.13","1,191.31","1,194.27",0.44
"May 03, 2019","1,192.13","1,193.56","1,188.26","1,188.98",-0.36
"May 02, 2019","1,186.09","1,193.63","1,186.09","1,193.30",0.30
"May 01, 2019","1,190.10","1,190.34","1,182.10","1,189.78",0.10
"Apr 30, 2019","1,187.48","1,192.92","1,186.18","1,188.65",0.35
"Apr 29, 2019","1,187.10","1,187.15","1,181.00","1,184.45",-0.17
"Apr 26, 2019","1,188.00","1,192.03","1,185.67","1,186.45",0.06
"Apr 25, 2019","1,172.61","1,186.00","1,172.61","1,185.69",1.13
"Apr 24, 2019","1,169.06","1,174.81","1,169.06","1,172.39",0.33
"Apr 23, 2019","1,166.37","1,170.75","1,165.12","1,168.53",0.14
"Apr 22, 2019","1,159.65","1,167.17","1,159.36","1,166.93",0.63
"Apr 18, 2019","1,156.05","1,159.81","1,152.51","1,159.67",0.30
"Apr 17, 2019","1,159.84","1,160.67","1,152.72","1,156.15",-0.45
"Apr 16, 2019","1,172.39","1,173.57","1,160.55","1,161.35",-0.94
"Apr 15, 2019","1,167.19","1,174.11","1,166.43","1,172.40",0.39
"Apr 12, 2019","1,175.30","1,175.78","1,164.41","1,167.87",-0.93
"Apr 11, 2019","1,178.72","1,180.44","1,174.23","1,178.82",0.02
"Apr 10, 2019","1,179.51","1,184.72","1,177.42","1,178.57",-0.02
"Apr 09, 2019","1,168.11","1,179.31","1,167.73","1,178.83",0.96
"Apr 08, 2019","1,168.99","1,168.99","1,163.00","1,167.66",-0.13
"Apr 05, 2019","1,171.84","1,173.27","1,167.39","1,169.19",-0.28
"Apr 04, 2019","1,185.57","1,186.18","1,170.23","1,172.43",-1.07
"Apr 03, 2019","1,186.78","1,186.78","1,181.08","1,185.15",-0.31
"Apr 02, 2019","1,189.62","1,190.34","1,183.64","1,188.78",0.04
"Apr 01, 2019","1,197.12","1,199.10","1,185.97","1,188.27",-0.87
"Mar 29, 2019","1,200.14","1,201.05","1,194.26","1,198.75",-0.27
"Mar 28, 2019","1,203.31","1,204.75","1,199.36","1,201.98",0.13
"Mar 27, 2019","1,204.24","1,205.10","1,197.41","1,200.48",-0.35
"Mar 26, 2019","1,211.48","1,211.48","1,204.12","1,204.68",-0.55
"Mar 25, 2019","1,205.41","1,212.35","1,203.36","1,211.31",0.52
"Mar 22, 2019","1,198.70","1,207.47","1,197.83","1,205.03",0.60
"Mar 21, 2019","1,197.57","1,202.95","1,194.76","1,197.86",0.08
"Mar 20, 2019","1,190.33","1,197.63","1,189.43","1,196.86",0.64
"Mar 19, 2019","1,184.07","1,189.81","1,179.12","1,189.23",0.42
"Mar 18, 2019","1,186.49","1,188.82","1,182.31","1,184.28",-0.26
"Mar 15, 2019","1,189.28","1,190.26","1,184.56","1,187.36",-0.20
"Mar 14, 2019","1,184.73","1,190.08","1,181.89","1,189.76",0.43
"Mar 13, 2019","1,184.67","1,189.51","1,184.43","1,184.68",-0.11
"Mar 12, 2019","1,185.57","1,186.33","1,181.05","1,186.01",-0.03
"Mar 11, 2019","1,187.10","1,188.36","1,184.68","1,186.33",-0.20
"Mar 08, 2019","1,189.09","1,190.56","1,186.18","1,188.70",0.16
"Mar 07, 2019","1,182.16","1,189.68","1,182.11","1,186.80",0.54
"Mar 06, 2019","1,175.84","1,180.50","1,173.12","1,180.41",0.34
"Mar 05, 2019","1,170.80","1,177.17","1,170.52","1,176.39",0.58
"Mar 04, 2019","1,177.86","1,178.84","1,163.62","1,169.63",-0.74
"Mar 01, 2019","1,178.05","1,180.05","1,170.84","1,178.30",-0.29
"Feb 28, 2019","1,174.84","1,184.16","1,174.76","1,181.72",0.81
"Feb 27, 2019","1,169.12","1,172.61","1,168.62","1,172.28",0.29
"Feb 26, 2019","1,164.73","1,169.01","1,161.89","1,168.89",0.39
"Feb 25, 2019","1,166.99","1,167.36","1,160.70","1,164.37",-0.36
"Feb 22, 2019","1,168.40","1,172.83","1,168.26","1,168.55",0.02
"Feb 21, 2019","1,165.28","1,168.39","1,163.60","1,168.32",0.43
"Feb 20, 2019","1,169.24","1,169.24","1,160.71","1,163.35",-0.51
"Feb 19, 2019","1,174.66","1,176.93","1,168.19","1,169.37",-0.50
"Feb 15, 2019","1,176.83","1,178.81","1,172.13","1,175.22",-0.10
"Feb 14, 2019","1,171.64","1,176.90","1,171.64","1,176.34",0.39
"Feb 13, 2019","1,173.28","1,173.88","1,169.07","1,171.77",-0.20
"Feb 12, 2019","1,178.78","1,181.17","1,171.72","1,174.16",-0.62
"Feb 11, 2019","1,185.33","1,188.73","1,180.92","1,181.54",-0.22
"Feb 08, 2019","1,179.93","1,188.29","1,176.56","1,184.09",0.16
"Feb 07, 2019","1,178.03","1,183.76","1,174.42","1,182.17",0.60
"Feb 06, 2019","1,176.76","1,176.76","1,167.38","1,175.17",-0.19
"Feb 05, 2019","1,178.46","1,180.32","1,176.54","1,177.37",0.01
"Feb 04, 2019","1,175.16","1,179.75","1,175.16","1,177.30",0.18
"Feb 01, 2019","1,175.96","1,177.31","1,173.26","1,175.21",-0.06
"Jan 31, 2019","1,173.03","1,176.79","1,172.22","1,175.96",0.27
"Jan 30, 2019","1,173.16","1,176.04","1,171.80","1,172.82",0.21
"Jan 29, 2019","1,173.02","1,175.55","1,168.79","1,170.31",-0.23
"Jan 28, 2019","1,179.60","1,179.60","1,171.98","1,172.95",-0.32
"Jan 25, 2019","1,182.15","1,182.15","1,175.65","1,176.71",-0.63
"Jan 24, 2019","1,193.97","1,194.40","1,181.50","1,184.22",-1.09
"Jan 23, 2019","1,192.67","1,199.42","1,191.73","1,197.24",0.34
"Jan 22, 2019","1,186.36","1,197.28","1,186.36","1,193.18",0.69
"Jan 18, 2019","1,189.80","1,191.46","1,183.51","1,184.97",-0.52
"Jan 17, 2019","1,192.27","1,196.92","1,190.38","1,191.13",-0.01
"Jan 16, 2019","1,194.09","1,194.73","1,187.12","1,191.30",-0.08
"Jan 15, 2019","1,184.62","1,193.72","1,184.62","1,192.24",0.70
"Jan 14, 2019","1,183.85","1,187.59","1,180.27","1,183.97",0.10
"Jan 11, 2019","1,189.10","1,190.96","1,179.98","1,182.80",-0.45
"Jan 10, 2019","1,191.30","1,191.57","1,183.69","1,188.13",-0.37
"Jan 09, 2019","1,197.04","1,198.68","1,191.53","1,192.58",-0.40
"Jan 08, 2019","1,195.66","1,199.09","1,192.77","1,197.36",0.10
"Jan 07, 2019","1,196.32","1,205.07","1,193.26","1,196.14",0.06
"Jan 04, 2019","1,198.97","1,201.03","1,195.07","1,195.38",-0.43
"Jan 03, 2019","1,205.11","1,208.15","1,198.48","1,200.53",-0.41
"Jan 02, 2019","1,222.50","1,222.67","1,204.36","1,205.50",-1.33
"Dec 31, 2018","1,217.58","1,227.91","1,216.26","1,221.75",0.37
"Dec 28, 2018","1,219.20","1,221.26","1,211.51","1,217.22",-0.05
"Dec 27, 2018","1,217.61","1,218.77","1,209.75","1,217.79",0.15
"Dec 26, 2018","1,211.43","1,223.48","1,211.43","1,215.93",0.38
"Dec 24, 2018","1,214.46","1,217.66","1,208.72","1,211.37",-0.29
"Dec 21, 2018","1,211.87","1,215.22","1,210.96","1,214.86",0.21
"Dec 20, 2018","1,215.97","1,216.42","1,205.32","1,212.27",-0.43
"Dec 19, 2018","1,212.91","1,219.07","1,208.93","1,217.53",0.47
"Dec 18, 2018","1,206.67","1,212.03","1,202.95","1,211.79",0.42
"Dec 17, 2018","1,216.76","1,216.76","1,203.34","1,206.78",-0.91
"Dec 14, 2018","1,220.33","1,222.04","1,214.81","1,217.82",-0.09
"Dec 13, 2018","1,212.78","1,219.20","1,211.48","1,218.88",0.45
"Dec 12, 2018","1,209.91","1,213.97","1,209.45","1,213.48",0.05
"Dec 11, 2018","1,206.03","1,213.54","1,203.22","1,212.88",0.44
"Dec 10, 2018","1,197.75","1,207.97","1,196.25","1,207.61",0.87
"Dec 07, 2018","1,201.69","1,201.69","1,194.44","1,197.18",-0.36
"Dec 06, 2018","1,195.99","1,202.92","1,194.68","1,201.50",0.52
"Dec 04, 2018","1,186.50","1,198.77","1,184.58","1,195.31",0.91
"Dec 03, 2018","1,185.14","1,189.03","1,180.12","1,184.49",-0.12
"Nov 30, 2018","1,183.65","1,187.76","1,182.80","1,185.88",0.23
"Nov 29, 2018","1,185.45","1,186.23","1,180.51","1,183.15",-0.26
"Nov 28, 2018","1,178.49","1,188.35","1,177.95","1,186.28",0.97
"Nov 27, 2018","1,178.53","1,181.10","1,173.94","1,174.93",-0.37
"Nov 26, 2018","1,173.45","1,179.71","1,173.23","1,179.24",0.53
"Nov 23, 2018","1,174.43","1,177.17","1,171.67","1,172.97",-0.34
"Nov 21, 2018","1,180.47","1,183.67","1,173.95","1,176.92",0.15
"Nov 20, 2018","1,172.91","1,177.92","1,164.98","1,175.13",-0.53
"Nov 19, 2018","1,199.84","1,200.01","1,180.22","1,181.39",-1.52
"Nov 16, 2018","1,202.52","1,206.76","1,195.88","1,199.65",-0.44
"Nov 15, 2018","1,199.31","1,205.83","1,197.93","1,204.93",0.43
"Nov 14, 2018","1,209.55","1,210.36","1,199.42","1,199.73",-0.56
"Nov 13, 2018","1,209.16","1,210.07","1,198.82","1,206.45",-0.28
"Nov 12, 2018","1,215.28","1,218.38","1,205.46","1,209.89",-0.35
"Nov 09, 2018","1,212.69","1,214.57","1,206.63","1,214.18",0.01
"Nov 08, 2018","1,219.79","1,220.56","1,211.96","1,214.07",-0.28
"Nov 07, 2018","1,211.35","1,218.47","1,208.14","1,217.54",0.67
"Nov 06, 2018","1,214.15","1,217.41","1,206.94","1,209.41",-0.38
"Nov 05, 2018","1,216.72","1,216.72","1,207.57","1,214.06",-0.23
"Nov 02, 2018","1,213.73","1,224.72","1,213.73","1,216.90",0.46
"Nov 01, 2018","1,219.34","1,222.20","1,207.23","1,211.35",-0.78
"Oct 31, 2018","1,213.87","1,229.21","1,213.66","1,220.88",0.85
"Oct 30, 2018","1,210.53","1,213.69","1,203.11","1,210.62",-0.05
"Oct 29, 2018","1,216.38","1,218.33","1,208.08","1,211.18",-0.29
"Oct 26, 2018","1,209.56","1,216.98","1,207.55","1,214.72",0.23
"Oct 25, 2018","1,205.89","1,214.29","1,204.77","1,211.95",0.45
"Oct 24, 2018","1,214.81","1,217.84","1,206.17","1,206.54",-0.63
"Oct 23, 2018","1,215.76","1,215.99","1,210.13","1,214.13",-0.44
"Oct 22, 2018","1,208.77","1,220.27","1,207.17","1,219.52",0.95
"Oct 19, 2018","1,219.92","1,220.42","1,208.01","1,208.05",-0.71
"Oct 18, 2018","1,216.67","1,220.90","1,213.15","1,216.72",-0.13
"Oct 17, 2018","1,226.13","1,226.13","1,212.49","1,218.30",-0.33
"Oct 16, 2018","1,220.25","1,223.12","1,216.50","1,222.39",0.27
"Oct 15, 2018","1,232.18","1,232.38","1,217.34","1,219.15",-0.94
"Oct 12, 2018","1,223.35","1,234.80","1,223.35","1,230.71",1.03
"Oct 11, 2018","1,209.88","1,221.77","1,208.12","1,218.22",0.37
"Oct 10, 2018","1,229.30","1,229.98","1,211.83","1,213.69",-1.39
"Oct 09, 2018","1,225.15","1,236.80","1,224.02","1,230.78",0.40
"Oct 08, 2018","1,238.42","1,238.42","1,219.64","1,225.85",-1.08
"Oct 05, 2018","1,237.79","1,240.86","1,233.54","1,239.27",0.15
"Oct 04, 2018","1,245.28","1,246.21","1,235.16","1,237.38",-0.57
"Oct 03, 2018","1,238.15","1,245.50","1,234.80","1,244.44",0.59
"Oct 02, 2018","1,249.96","1,249.96","1,236.36","1,237.10",-1.09
"Oct 01, 2018","1,249.41","1,254.44","1,245.97","1,250.74",0.12
"Sep 28, 2018","1,250.70","1,255.50","1,248.07","1,249.19",-0.10
"Sep 27, 2018","1,251.12","1,255.63","1,245.64","1,250.45",0.19
"Sep 26, 2018","1,244.90","1,248.42","1,239.30","1,248.14",0.27
"Sep 25, 2018","1,234.55","1,245.37","1,233.50","1,244.81",1.00
"Sep 24, 2018","1,218.01","1,235.43","1,216.46","1,232.49",1.17
"Sep 21, 2018","1,220.08","1,223.98","1,217.11","1,218.18",-0.10
"Sep 20, 2018","1,224.03","1,225.57","1,217.92","1,219.45",-0.34
"Sep 19, 2018","1,232.52","1,233.74","1,220.35","1,223.61",-0.90
"Sep 18, 2018","1,235.22","1,242.56","1,234.29","1,234.72",0.01
"Sep 17, 2018","1,249.98","1,251.44","1,234.34","1,234.55",-1.25
"Sep 14, 2018","1,251.67","1,255.16","1,249.82","1,250.13",-0.05
"Sep 13, 2018","1,254.62","1,257.37","1,249.52","1,250.80",-0.29
"Sep 12, 2018","1,258.89","1,262.38","1,249.26","1,254.43",-0.38
"Sep 11, 2018","1,253.90","1,261.36","1,252.75","1,259.18",0.66
"Sep 10, 2018","1,250.27","1,252.27","1,245.81","1,250.94",0.14
"Sep 07, 2018","1,250.40","1,255.36","1,248.54","1,249.13",-0.12
"Sep 06, 2018","1,253.10","1,256.09","1,249.23","1,250.61",-0.04
"Sep 05, 2018","1,267.31","1,268.61","1,246.35","1,251.09",-1.24
"Sep 04, 2018","1,256.21","1,267.69","1,256.10","1,266.86",0.85
"Aug 31, 2018","1,250.23","1,258.21","1,249.45","1,256.13",0.47
"Aug 30, 2018","1,248.32","1,252.04","1,247.19","1,250.20",0.19
"Aug 29, 2018","1,244.79","1,248.22","1,243.96","1,247.85",0.24
"Aug 28, 2018","1,245.90","1,247.49","1,240.50","1,244.90",0.11
"Aug 27, 2018","1,246.66","1,248.59","1,242.04","1,243.57",-0.15
"Aug 24, 2018","1,243.76","1,247.03","1,243.42","1,245.41",0.30
"Aug 23, 2018","1,237.72","1,243.89","1,237.30","1,241.70",0.39
"Aug 22, 2018","1,230.77","1,240.45","1,230.77","1,236.93",0.66
"Aug 21, 2018","1,230.43","1,233.68","1,226.87","1,228.86",-0.12
"Aug 20, 2018","1,228.39","1,231.11","1,224.40","1,230.30",0.21
"Aug 17, 2018","1,231.86","1,233.51","1,225.25","1,227.69",-0.27
"Aug 16, 2018","1,235.47","1,235.91","1,228.85","1,231.01",-0.05
"Aug 15, 2018","1,246.14","1,248.19","1,230.49","1,231.66",-1.40
"Aug 14, 2018","1,246.94","1,249.32","1,241.45","1,249.14",0.28
"Aug 13, 2018","1,249.12","1,254.01","1,245.55","1,245.63",-0.22
"Aug 10, 2018","1,240.72","1,250.67","1,239.75","1,248.36",0.45
"Aug 09, 2018","1,240.42","1,243.52","1,237.95","1,242.81",0.33
"Aug 08, 2018","1,236.15","1,239.58","1,233.45","1,238.74",0.30
"Aug 07, 2018","1,231.51","1,237.64","1,231.51","1,235.03",0.50
"Aug 06, 2018","1,224.10","1,229.36","1,221.04","1,228.83",0.50
"Aug 03, 2018","1,235.53","1,236.10","1,221.66","1,222.70",-0.87
"Aug 02, 2018","1,219.88","1,233.50","1,219.88","1,233.44",1.02
"Aug 01, 2018","1,215.49","1,226.87","1,215.49","1,221.03",0.59
"Jul 31, 2018","1,218.08","1,222.76","1,207.62","1,213.82",-0.32
"Jul 30, 2018","1,235.29","1,235.59","1,213.76","1,217.70",-1.35
"Jul 27, 2018","1,246.81","1,246.83","1,231.31","1,234.37",-0.88
"Jul 26, 2018","1,251.72","1,251.72","1,241.22","1,245.28",-0.69
"Jul 25, 2018","1,242.98","1,255.69","1,241.79","1,253.88",0.96
"Jul 24, 2018","1,249.50","1,253.38","1,237.77","1,241.92",-0.44
"Jul 23, 2018","1,244.23","1,249.71","1,243.27","1,247.39",0.32
"Jul 20, 2018","1,238.13","1,246.27","1,238.13","1,243.44",0.53
"Jul 19, 2018","1,242.97","1,245.91","1,235.56","1,236.92",-0.58
"Jul 18, 2018","1,236.92","1,244.82","1,235.63","1,244.19",0.75
"Jul 17, 2018","1,225.72","1,235.44","1,223.97","1,234.89",0.71
"Jul 16, 2018","1,218.62","1,227.25","1,218.62","1,226.19",0.73
"Jul 13, 2018","1,216.76","1,218.14","1,211.33","1,217.27",0.07
"Jul 12, 2018","1,211.50","1,216.57","1,211.37","1,216.40",0.52
"Jul 11, 2018","1,206.36","1,211.90","1,206.18","1,210.16",0.13
"Jul 10, 2018","1,210.47","1,216.64","1,207.63","1,208.61",-0.12
"Jul 09, 2018","1,208.65","1,211.69","1,202.95","1,210.08",0.28
"Jul 06, 2018","1,207.20","1,207.99","1,204.03","1,206.72",-0.14
"Jul 05, 2018","1,216.31","1,217.80","1,208.35","1,208.41",-0.50
"Jul 03, 2018","1,224.35","1,225.85","1,212.20","1,214.52",-0.76
"Jul 02, 2018","1,215.55","1,224.83","1,213.97","1,223.78",0.62
"Jun 29, 2018","1,220.54","1,224.40","1,214.98","1,216.24",0.03
"Jun 28, 2018","1,212.20","1,219.35","1,211.20","1,215.93",0.45
"Jun 27, 2018","1,220.98","1,226.09","1,210.41","1,210.52",-0.75
"Jun 26, 2018","1,215.85","1,224.83","1,215.56","1,219.71",0.45
"Jun 25, 2018","1,226.23","1,226.23","1,212.39","1,214.30",-1.19
"Jun 22, 2018","1,247.24","1,247.57","1,228.73","1,228.87",-1.46
"Jun 21, 2018","1,251.78","1,251.78","1,242.30","1,247.03",-0.25
"Jun 20, 2018","1,258.40","1,260.42","1,249.95","1,250.15",-0.56
"Jun 19, 2018","1,261.79","1,261.88","1,249.71","1,257.20",-0.70
"Jun 18, 2018","1,260.79","1,267.15","1,257.21","1,266.00",0.43
"Jun 15, 2018","1,265.43","1,265.49","1,258.68","1,260.52",-0.60
"Jun 14, 2018","1,273.66","1,274.62","1,266.75","1,268.18",-0.41
"Jun 13, 2018","1,267.66","1,275.81","1,266.90","1,273.37",0.39
"Jun 12, 2018","1,271.01","1,272.69","1,265.80","1,268.48",-0.11
"Jun 11, 2018","1,278.30","1,278.53","1,269.90","1,269.93",-0.47
"Jun 08, 2018","1,274.55","1,278.86","1,272.10","1,275.94",0.09
"Jun 07, 2018","1,290.36","1,291.39","1,270.17","1,274.83",-1.00
"Jun 06, 2018","1,288.28","1,290.53","1,285.59","1,287.76",-0.08
"Jun 05, 2018","1,282.31","1,288.91","1,281.98","1,288.81",0.41
"Jun 04, 2018","1,284.91","1,286.46","1,277.79","1,283.61",0.03
"Jun 01, 2018","1,275.54","1,283.46","1,273.45","1,283.25",0.96
"May 31, 2018","1,273.97","1,280.49","1,270.91","1,271.05",-0.06
"May 30, 2018","1,274.07","1,278.70","1,270.82","1,271.79",0.12
"May 29, 2018","1,275.46","1,280.53","1,269.48","1,270.22",-0.49
"May 25, 2018","1,283.09","1,283.09","1,276.49","1,276.53",-0.62
"May 24, 2018","1,280.52","1,287.16","1,279.53","1,284.52",0.23
"May 23, 2018","1,277.11","1,281.57","1,275.03","1,281.53",0.15
"May 22, 2018","1,286.73","1,287.33","1,277.18","1,279.64",-0.44
"May 21, 2018","1,287.59","1,294.46","1,282.57","1,285.25",-0.08
"May 18, 2018","1,280.17","1,287.57","1,279.50","1,286.29",0.51
"May 17, 2018","1,275.79","1,281.69","1,274.37","1,279.82",0.23
"May 16, 2018","1,277.96","1,280.14","1,272.99","1,276.84",-0.11
"May 15, 2018","1,273.55","1,280.68","1,272.97","1,278.28",0.26
"May 14, 2018","1,279.12","1,282.45","1,274.05","1,275.00",-0.22
"May 11, 2018","1,273.26","1,279.82","1,271.60","1,277.81",0.37
"May 10, 2018","1,272.13","1,274.90","1,268.06","1,273.04",0.22
"May 09, 2018","1,265.30","1,270.53","1,262.05","1,270.30",0.43
"May 08, 2018","1,254.88","1,265.75","1,254.53","1,264.85",0.67
"May 07, 2018","1,253.67","1,258.62","1,252.32","1,256.38",0.22
"May 04, 2018","1,258.62","1,258.62","1,250.35","1,253.64",-0.72
"May 03, 2018","1,255.20","1,264.46","1,250.89","1,262.72",0.80
"May 02, 2018","1,245.64","1,255.76","1,245.64","1,252.70",0.61
"May 01, 2018","1,249.62","1,250.31","1,242.66","1,245.09",-0.34
"Apr 30, 2018","1,246.09","1,253.94","1,245.51","1,249.38",0.45
"Apr 27, 2018","1,256.68","1,257.19","1,240.57","1,243.75",-0.94
"Apr 26, 2018","1,253.20","1,258.14","1,250.62","1,255.49",0.18
"Apr 25, 2018","1,261.71","1,262.22","1,246.47","1,253.28",-0.67
"Apr 24, 2018","1,278.77","1,282.02","1,257.98","1,261.76",-1.29
"Apr 23, 2018","1,283.39","1,285.29","1,277.58","1,278.20",-0.33
"Apr 20, 2018","1,276.00","1,285.08","1,274.01","1,282.37",0.31
"Apr 19, 2018","1,271.01","1,280.19","1,270.94","1,278.47",0.46
"Apr 18, 2018","1,270.54","1,273.36","1,266.81","1,272.59",0.20
"Apr 17, 2018","1,265.16","1,270.98","1,263.67","1,270.03",0.75
"Apr 16, 2018","1,264.69","1,268.13","1,257.49","1,260.55",-0.08
"Apr 13, 2018","1,269.16","1,270.16","1,260.06","1,261.62",-0.44
"Apr 12, 2018","1,255.88","1,268.86","1,255.88","1,267.24",1.14
"Apr 11, 2018","1,255.14","1,257.91","1,250.86","1,252.93",-0.34
"Apr 10, 2018","1,257.29","1,259.35","1,252.26","1,257.22",0.35
"Apr 09, 2018","1,247.11","1,259.16","1,247.11","1,252.84",0.76
"Apr 06, 2018","1,246.30","1,249.19","1,241.62","1,243.44",-0.46
"Apr 05, 2018","1,249.29","1,254.26","1,247.31","1,249.19",0.21
"Apr 04, 2018","1,246.37","1,247.24","1,235.87","1,246.63",-0.23
"Apr 03, 2018","1,252.36","1,259.69","1,244.92","1,249.53",-0.00
"Apr 02, 2018","1,251.15","1,254.45","1,244.52","1,249.58",-0.11
"Mar 29, 2018","1,244.00","1,256.38","1,240.60","1,250.95",0.66
"Mar 28, 2018","1,261.64","1,261.64","1,241.39","1,242.71",-1.53
"Mar 27, 2018","1,280.83","1,284.29","1,259.56","1,262.08",-1.20
"Mar 26, 2018","1,267.72","1,279.18","1,267.72","1,277.38",1.21
"Mar 23, 2018","1,265.16","1,271.07","1,261.17","1,262.05",-0.39
"Mar 22, 2018","1,273.27","1,273.55","1,262.89","1,266.96",-0.80
"Mar 21, 2018","1,279.79","1,282.35","1,276.70","1,277.19",-0.07
"Mar 20, 2018","1,261.03","1,279.87","1,259.79","1,278.05",1.39
"Mar 19, 2018","1,254.43","1,263.06","1,252.99","1,260.47",0.31
"Mar 16, 2018","1,260.69","1,262.92","1,253.67","1,256.58",-0.31
"Mar 15, 2018","1,256.64","1,263.02","1,251.52","1,260.46",0.25
"Mar 14, 2018","1,252.55","1,260.41","1,249.74","1,257.27",0.40
"Mar 13, 2018","1,257.94","1,260.93","1,251.33","1,252.22",-0.35
"Mar 12, 2018","1,265.60","1,266.38","1,256.36","1,256.56",-0.62
"Mar 09, 2018","1,254.59","1,267.17","1,254.59","1,264.36",1.04
"Mar 08, 2018","1,247.34","1,252.14","1,243.74","1,251.33",0.46
"Mar 07, 2018","1,235.94","1,246.51","1,234.14","1,245.62",0.58
"Mar 06, 2018","1,236.93","1,239.74","1,235.41","1,238.47",0.20
"Mar 05, 2018","1,236.39","1,237.72","1,227.65","1,235.99",-0.25
"Mar 02, 2018","1,239.00","1,240.80","1,236.31","1,239.14",-0.02
"Mar 01, 2018","1,245.64","1,247.17","1,236.52","1,239.36",-0.54
"Feb 28, 2018","1,244.29","1,251.78","1,242.66","1,246.09",0.24
"Feb 27, 2018","1,236.88","1,245.39","1,231.29","1,243.14",0.36
"Feb 26, 2018","1,237.77","1,242.41","1,236.86","1,238.70",0.17
"Feb 23, 2018","1,236.23","1,238.68","1,232.81","1,236.62",-0.10
"Feb 22, 2018","1,240.74","1,241.80","1,233.42","1,237.80",-0.20
"Feb 21, 2018","1,234.87","1,243.23","1,234.73","1,240.30",0.44
"Feb 20, 2018","1,228.30","1,237.76","1,226.78","1,234.87",0.47
"Feb 16, 2018","1,230.85","1,232.50","1,226.00","1,229.11",-0.39
"Feb 15, 2018","1,236.92","1,237.96","1,226.31","1,233.97",-0.21
"Feb 14, 2018","1,229.83","1,237.31","1,229.50","1,236.55",0.52
"Feb 13, 2018","1,224.17","1,231.61","1,221.24","1,230.19",0.42
"Feb 12, 2018","1,218.90","1,228.95","1,218.61","1,224.99",0.52
"Feb 09, 2018","1,215.75","1,222.34","1,213.43","1,218.69",0.39
"Feb 08, 2018","1,233.29","1,233.29","1,213.99","1,213.99",-1.44
"Feb 07, 2018","1,230.94","1,236.83","1,224.92","1,231.69",0.05
"Feb 06, 2018","1,220.21","1,231.33","1,217.10","1,231.13",0.59
"Feb 05, 2018","1,225.37","1,235.12","1,217.15","1,223.96",-0.48
"Feb 02, 2018","1,232.40","1,238.76","1,229.83","1,229.87",-0.12
"Feb 01, 2018","1,221.98","1,231.65","1,221.79","1,231.37",0.67
"Jan 31, 2018","1,222.84","1,227.66","1,221.98","1,223.17",0.19
"Jan 30, 2018","1,216.05","1,221.94","1,210.02","1,220.90",0.29
"Jan 29, 2018","1,225.12","1,226.10","1,215.84","1,217.32",-0.64
"Jan 26, 2018","1,220.93","1,225.56","1,217.52","1,225.10",0.47
"Jan 25, 2018","1,218.22","1,222.83","1,217.04","1,219.40",0.34
"Jan 24, 2018","1,216.30","1,218.91","1,211.28","1,215.24",-0.14
"Jan 23, 2018","1,219.10","1,220.70","1,215.63","1,216.94",-0.11
"Jan 22, 2018","1,221.75","1,222.36","1,215.81","1,218.29",-0.10
"Jan 19, 2018","1,219.58","1,222.96","1,219.32","1,219.57",0.15
"Jan 18, 2018","1,214.90","1,218.23","1,213.15","1,217.73",0.20
"Jan 17, 2018","1,203.79","1,216.23","1,203.07","1,215.34",1.15
"Jan 16, 2018","1,204.12","1,206.85","1,198.73","1,201.47",-0.01
"Jan 12, 2018","1,200.20","1,203.25","1,198.15","1,201.58",0.12
"Jan 11, 2018","1,202.45","1,202.82","1,198.37","1,200.19",-0.11
"Jan 10, 2018","1,202.59","1,204.84","1,198.29","1,201.52",-0.12
"Jan 09, 2018","1,195.38","1,203.59","1,195.38","1,202.94",0.69
"Jan 08, 2018","1,190.15","1,199.94","1,188.96","1,194.66",0.28
"Jan 05, 2018","1,185.07","1,192.62","1,184.66","1,191.28",0.63
"Jan 04, 2018","1,180.56","1,186.97","1,180.56","1,183.80",0.31
"Jan 03, 2018","1,171.20","1,180.13","1,170.79","1,180.11",0.63
"Jan 02, 2018","1,176.99","1,177.76","1,169.22","1,172.67",-0.29
"Dec 29, 2017","1,178.85","1,179.13","1,173.09","1,176.14",-0.17
"Dec 28, 2017","1,178.10","1,179.91","1,177.39","1,178.20",0.11
"Dec 27, 2017","1,172.03","1,177.67","1,171.24","1,176.92",0.39
"Dec 26, 2017","1,177.48","1,177.48","1,168.41","1,172.35",-0.62
"Dec 22, 2017","1,181.82","1,182.73","1,177.38","1,179.61",-0.20
"Dec 21, 2017","1,189.96","1,190.84","1,181.53","1,182.03",-0.60
"Dec 20, 2017","1,187.98","1,189.74","1,186.05","1,189.12",0.30
"Dec 19, 2017","1,184.09","1,185.82","1,180.90","1,185.55",0.18
"Dec 18, 2017","1,186.46","1,186.55","1,181.78","1,183.38",-0.23
"Dec 15, 2017","1,185.70","1,186.20","1,180.11","1,186.10",-0.02
"Dec 14, 2017","1,185.73","1,189.05","1,184.11","1,186.31",0.17
"Dec 13, 2017","1,186.18","1,189.83","1,183.89","1,184.27",-0.07
"Dec 12, 2017","1,191.90","1,193.49","1,184.83","1,185.05",-0.78
"Dec 11, 2017","1,198.15","1,199.84","1,190.01","1,194.31",-0.13
"Dec 08, 2017","1,199.84","1,204.09","1,195.38","1,195.81",-0.22
"Dec 07, 2017","1,190.04","1,200.23","1,189.85","1,198.44",0.83
"Dec 06, 2017","1,181.37","1,188.74","1,127.88","1,188.58",0.60
"Dec 05, 2017","1,169.26","1,187.00","1,166.44","1,181.44",0.94
"Dec 04, 2017","1,199.99","1,199.99","1,170.39","1,170.42",-2.23
"Dec 01, 2017","1,198.35","1,202.09","1,190.25","1,197.12",-0.20
"Nov 30, 2017","1,200.29","1,204.54","1,190.66","1,199.48",0.15
"Nov 29, 2017","1,220.66","1,221.79","1,193.07","1,197.68",-1.78
"Nov 28, 2017","1,219.88","1,223.28","1,216.97","1,219.33",0.12
"Nov 27, 2017","1,220.25","1,222.77","1,217.44","1,217.85",-0.28
"Nov 24, 2017","1,216.39","1,221.53","1,215.99","1,221.25",0.39
"Nov 22, 2017","1,226.44","1,226.93","1,213.04","1,216.54",-0.71
"Nov 21, 2017","1,221.64","1,227.13","1,221.64","1,225.21",0.63
"Nov 20, 2017","1,211.28","1,220.05","1,211.23","1,217.56",0.79
"Nov 17, 2017","1,210.52","1,210.52","1,205.27","1,208.07",-0.44
"Nov 16, 2017","1,215.54","1,219.57","1,212.53","1,213.41",-0.05
"Nov 15, 2017","1,210.12","1,214.68","1,206.47","1,214.01",0.18
"Nov 14, 2017","1,206.77","1,212.81","1,206.41","1,211.86",0.32
"Nov 13, 2017","1,200.47","1,209.70","1,197.82","1,207.99",0.42
"Nov 10, 2017","1,203.12","1,204.88","1,200.18","1,202.93",0.08
"Nov 09, 2017","1,214.56","1,214.56","1,194.62","1,202.00",-1.13
"Nov 08, 2017","1,215.16","1,216.49","1,210.34","1,215.72",0.20
"Nov 07, 2017","1,216.91","1,220.02","1,210.05","1,213.29",-0.05
"Nov 06, 2017","1,216.82","1,217.63","1,211.01","1,213.95",-0.34
"Nov 03, 2017","1,213.61","1,218.71","1,212.06","1,218.07",0.50
"Nov 02, 2017","1,204.37","1,213.81","1,197.21","1,211.96",0.90
"Nov 01, 2017","1,207.38","1,209.15","1,198.56","1,201.19",-0.29
"Oct 31, 2017","1,202.23","1,208.79","1,202.23","1,204.70",0.41
"Oct 30, 2017","1,201.59","1,203.26","1,198.55","1,199.73",-0.21
"Oct 27, 2017","1,194.00","1,202.97","1,193.52","1,202.31",1.03
"Oct 26, 2017","1,185.97","1,195.49","1,184.53","1,190.01",0.40
"Oct 25, 2017","1,189.56","1,193.36","1,184.15","1,185.26",-0.02
"Oct 24, 2017","1,178.04","1,187.57","1,177.68","1,185.48",0.76
"Oct 23, 2017","1,176.74","1,177.91","1,172.23","1,176.51",0.03
"Oct 20, 2017","1,176.35","1,179.07","1,175.22","1,176.11",0.34
"Oct 19, 2017","1,168.21","1,172.12","1,162.49","1,172.12",0.11
"Oct 18, 2017","1,169.76","1,171.57","1,165.47","1,170.80",0.26
"Oct 17, 2017","1,173.57","1,175.32","1,167.35","1,167.80",-0.43
"Oct 16, 2017","1,167.06","1,173.29","1,167.06","1,172.84",0.61
"Oct 13, 2017","1,168.69","1,168.69","1,163.49","1,165.76",-0.25
"Oct 12, 2017","1,169.38","1,175.05","1,168.65","1,168.73",0.09
"Oct 11, 2017","1,164.10","1,168.44","1,162.04","1,167.72",0.32
"Oct 10, 2017","1,163.41","1,164.25","1,157.14","1,164.04",0.05
"Oct 09, 2017","1,159.66","1,163.56","1,159.07","1,163.48",0.37
"Oct 06, 2017","1,152.96","1,159.79","1,151.88","1,159.16",0.75
"Oct 05, 2017","1,150.33","1,150.94","1,147.14","1,150.53",0.06
"Oct 04, 2017","1,147.46","1,151.13","1,146.90","1,149.82",0.07
"Oct 03, 2017","1,147.47","1,150.30","1,145.76","1,148.97",0.15
"Oct 02, 2017","1,149.63","1,152.01","1,145.33","1,147.29",-0.10
"Sep 29, 2017","1,145.79","1,148.79","1,143.65","1,148.44",0.26
"Sep 28, 2017","1,138.75","1,146.81","1,138.05","1,145.43",0.74
"Sep 27, 2017","1,130.92","1,140.35","1,130.92","1,137.07",1.02
"Sep 26, 2017","1,130.01","1,131.60","1,125.19","1,125.60",-0.25
"Sep 25, 2017","1,140.42","1,140.42","1,126.85","1,128.44",-1.37
"Sep 22, 2017","1,142.87","1,145.26","1,141.34","1,144.07",-0.09
"Sep 21, 2017","1,142.64","1,145.50","1,138.74","1,145.13",0.27
"Sep 20, 2017","1,142.74","1,143.75","1,136.80","1,142.03",-0.06
"Sep 19, 2017","1,131.67","1,144.78","1,131.54","1,142.70",0.95
"Sep 18, 2017","1,124.45","1,133.70","1,123.28","1,131.93",0.95
"Sep 15, 2017","1,119.81","1,123.69","1,119.07","1,121.29",0.12
"Sep 14, 2017","1,121.70","1,125.25","1,119.63","1,119.92",-0.17
"Sep 13, 2017","1,124.64","1,124.64","1,117.70","1,121.79",-0.34
"Sep 12, 2017","1,127.69","1,130.80","1,121.51","1,125.66",0.03
"Sep 11, 2017","1,121.57","1,126.52","1,120.30","1,125.36",0.76
"Sep 08, 2017","1,112.77","1,120.16","1,111.82","1,116.92",0.44
"Sep 07, 2017","1,116.85","1,117.43","1,110.33","1,112.04",-0.44
"Sep 06, 2017","1,123.23","1,123.24","1,114.89","1,116.94",-0.58
"Sep 05, 2017","1,130.10","1,130.10","1,122.56","1,123.49",-0.89
"Sep 01, 2017","1,137.40","1,138.68","1,132.00","1,133.59",-0.39
"Aug 31, 2017","1,137.84","1,138.71","1,133.42","1,138.00",0.13
"Aug 30, 2017","1,130.82","1,137.81","1,130.79","1,136.47",0.63
"Aug 29, 2017","1,126.97","1,130.70","1,126.07","1,129.36",-0.18
"Aug 28, 2017","1,128.90","1,133.43","1,127.22","1,131.44",0.49
"Aug 25, 2017","1,132.11","1,133.67","1,124.39","1,125.90",-0.55
"Aug 24, 2017","1,133.15","1,133.15","1,124.55","1,132.10",-0.08
"Aug 23, 2017","1,134.38","1,137.66","1,132.55","1,132.97",-0.31
"Aug 22, 2017","1,128.33","1,136.66","1,127.64","1,136.54",0.78
"Aug 21, 2017","1,130.17","1,131.61","1,124.91","1,127.78",-0.20
"Aug 18, 2017","1,124.47","1,132.90","1,124.03","1,130.07",0.44
"Aug 17, 2017","1,133.40","1,134.93","1,124.88","1,125.07",-0.77
"Aug 16, 2017","1,135.81","1,135.84","1,131.85","1,133.80",-0.19
"Aug 15, 2017","1,134.21","1,140.25","1,134.21","1,135.91",0.69
"Aug 14, 2017","1,126.55","1,129.91","1,125.45","1,128.16",0.50
"Aug 11, 2017","1,123.72","1,127.56","1,120.13","1,122.60",0.03
"Aug 10, 2017","1,125.95","1,128.05","1,121.73","1,122.29",-0.59
"Aug 09, 2017","1,128.71","1,132.35","1,127.00","1,128.94",-0.38
"Aug 08, 2017","1,130.01","1,136.45","1,127.30","1,133.25",0.16
"Aug 07, 2017","1,128.67","1,132.18","1,127.84","1,131.42",0.38
"Aug 04, 2017","1,128.17","1,132.34","1,125.43","1,127.12",0.15
"Aug 03, 2017","1,122.39","1,126.68","1,120.62","1,125.45",0.37
"Aug 02, 2017","1,115.92","1,121.98","1,114.95","1,121.34",0.84
"Aug 01, 2017","1,108.57","1,113.63","1,106.55","1,111.96",0.57
"Jul 31, 2017","1,107.56","1,112.57","1,105.29","1,105.66",0.08
"Jul 28, 2017","1,100.11","1,107.18","1,097.62","1,104.79",0.34
"Jul 27, 2017","1,108.49","1,113.69","1,098.10","1,101.07",-0.49
"Jul 26, 2017","1,110.24","1,115.54","1,105.74","1,106.44",-0.14
"Jul 25, 2017","1,115.73","1,118.17","1,106.24","1,108.03",-0.69
"Jul 24, 2017","1,106.94","1,116.34","1,106.94","1,115.77",0.92
"Jul 21, 2017","1,106.11","1,109.50","1,104.77","1,105.62",-0.04
"Jul 20, 2017","1,109.25","1,109.44","1,103.64","1,106.11",-0.28
"Jul 19, 2017","1,114.11","1,115.31","1,108.10","1,109.18",-0.33
"Jul 18, 2017","1,109.23","1,113.92","1,107.38","1,112.88",0.18
"Jul 17, 2017","1,114.79","1,114.79","1,106.06","1,110.89",-0.27
"Jul 14, 2017","1,112.90","1,114.63","1,110.20","1,113.95",-0.15
"Jul 13, 2017","1,121.36","1,122.17","1,113.45","1,115.65",-0.58
"Jul 12, 2017","1,119.37","1,123.51","1,115.95","1,122.13",0.13
"Jul 11, 2017","1,118.59","1,124.09","1,118.30","1,120.71",0.17
"Jul 10, 2017","1,114.06","1,120.23","1,112.14","1,118.81",0.36
"Jul 07, 2017","1,110.39","1,117.21","1,110.01","1,114.85",0.48
"Jul 06, 2017","1,099.87","1,110.29","1,097.88","1,109.55",0.78
"Jul 05, 2017","1,088.11","1,101.84","1,088.09","1,101.00",1.42
"Jul 03, 2017","1,092.21","1,092.21","1,085.10","1,085.60",-0.47
"Jun 30, 2017","1,090.17","1,093.18","1,088.61","1,090.77",0.06
"Jun 29, 2017","1,097.79","1,098.03","1,087.20","1,090.13",-0.43
"Jun 28, 2017","1,091.27","1,095.23","1,087.24","1,094.85",0.43
"Jun 27, 2017","1,097.11","1,097.16","1,089.45","1,090.16",-0.56
"Jun 26, 2017","1,104.32","1,104.75","1,090.58","1,096.25",-0.73
"Jun 23, 2017","1,110.88","1,110.98","1,104.23","1,104.28",-0.49
"Jun 22, 2017","1,116.58","1,118.14","1,107.95","1,109.75",-0.68
"Jun 21, 2017","1,117.56","1,120.27","1,115.02","1,117.34",-0.01
"Jun 20, 2017","1,117.10","1,121.69","1,117.10","1,117.44",0.01
"Jun 19, 2017","1,112.28","1,120.30","1,112.17","1,117.31",0.66
"Jun 16, 2017","1,107.22","1,117.59","1,106.26","1,110.02",0.44
"Jun 15, 2017","1,102.66","1,106.72","1,098.30","1,105.18",0.05
"Jun 14, 2017","1,105.86","1,108.68","1,102.15","1,104.64",-0.34
"Jun 13, 2017","1,108.57","1,113.64","1,101.65","1,108.40",0.34
"Jun 12, 2017","1,116.65","1,116.65","1,096.85","1,104.63",-1.23
"Jun 09, 2017","1,131.64","1,137.45","1,111.38","1,118.39",-0.89
"Jun 08, 2017","1,118.75","1,129.17","1,116.73","1,128.46",0.93
"Jun 07, 2017","1,118.09","1,118.47","1,114.60","1,118.02",0.16
"Jun 06, 2017","1,110.95","1,119.25","1,110.72","1,116.23",0.40
"Jun 05, 2017","1,111.93","1,117.88","1,111.19","1,111.80",0.09
"Jun 02, 2017","1,105.11","1,113.11","1,104.43","1,110.85",0.26
"Jun 01, 2017","1,111.69","1,112.71","1,104.63","1,107.96",-0.27
"May 31, 2017","1,111.25","1,112.17","1,107.27","1,110.98",0.02
"May 30, 2017","1,111.14","1,111.83","1,106.57","1,110.75",-0.04
"May 26, 2017","1,110.53","1,112.04","1,108.31","1,111.25",0.12
"May 25, 2017","1,106.98","1,110.62","1,106.43","1,109.97",0.40
"May 24, 2017","1,107.18","1,109.45","1,103.46","1,105.57",-0.04
"May 23, 2017","1,100.49","1,106.58","1,095.32","1,106.05",0.53
"May 22, 2017","1,100.86","1,102.12","1,095.70","1,100.17",0.19
"May 19, 2017","1,099.24","1,105.64","1,097.45","1,098.08",0.09
"May 18, 2017","1,089.63","1,098.78","1,088.17","1,097.07",0.36
"May 17, 2017","1,107.29","1,107.29","1,092.13","1,093.09",-1.76
"May 16, 2017","1,104.25","1,112.72","1,104.25","1,112.65",0.93
"May 15, 2017","1,100.20","1,102.51","1,096.76","1,102.35",0.33
"May 12, 2017","1,094.25","1,099.02","1,094.01","1,098.76",0.27
"May 11, 2017","1,092.52","1,097.84","1,092.02","1,095.85",0.39
"May 10, 2017","1,090.53","1,091.96","1,088.31","1,091.57",0.15
"May 09, 2017","1,092.44","1,096.12","1,089.24","1,089.94",-0.16
"May 08, 2017","1,091.10","1,092.75","1,089.53","1,091.73",0.06
"May 05, 2017","1,093.22","1,094.56","1,088.53","1,091.10",0.01
"May 04, 2017","1,092.26","1,094.94","1,090.69","1,091.00",0.13
"May 03, 2017","1,083.23","1,090.50","1,082.54","1,089.61",0.38
"May 02, 2017","1,095.60","1,095.60","1,082.98","1,085.45",-1.00
"May 01, 2017","1,092.27","1,096.65","1,089.71","1,096.36",0.52
"Apr 28, 2017","1,093.20","1,095.92","1,090.60","1,090.71",0.09
"Apr 27, 2017","1,092.19","1,093.73","1,088.14","1,089.74",-0.26
"Apr 26, 2017","1,088.63","1,093.20","1,086.99","1,092.63",0.16
"Apr 25, 2017","1,091.16","1,093.73","1,089.59","1,090.85",0.31
"Apr 24, 2017","1,079.65","1,088.98","1,079.48","1,087.52",1.13
"Apr 21, 2017","1,074.74","1,077.44","1,073.27","1,075.32",0.17
"Apr 20, 2017","1,070.48","1,074.24","1,070.48","1,073.52",0.40
"Apr 19, 2017","1,072.99","1,073.90","1,068.24","1,069.25",-0.04
"Apr 18, 2017","1,070.01","1,073.08","1,067.19","1,069.68",-0.10
"Apr 17, 2017","1,067.05","1,070.93","1,065.66","1,070.71",0.18
"Apr 13, 2017","1,072.19","1,077.21","1,068.72","1,068.75",-0.34
"Apr 12, 2017","1,079.97","1,080.52","1,072.34","1,072.44",-0.63
"Apr 11, 2017","1,077.02","1,079.37","1,073.59","1,079.21",0.15
"Apr 10, 2017","1,085.86","1,086.35","1,077.05","1,077.63",-0.86
"Apr 07, 2017","1,084.46","1,089.31","1,084.26","1,086.98",0.02
"Apr 06, 2017","1,083.35","1,086.81","1,078.91","1,086.79",0.21
"Apr 05, 2017","1,092.43","1,096.05","1,084.17","1,084.47",-0.53
"Apr 04, 2017","1,086.47","1,091.81","1,086.47","1,090.20",0.30
"Apr 03, 2017","1,086.68","1,089.48","1,081.65","1,086.97",0.11
"Mar 31, 2017","1,084.66","1,087.55","1,082.89","1,085.73",-0.01
"Mar 30, 2017","1,079.82","1,086.90","1,079.70","1,085.82",0.68
"Mar 29, 2017","1,081.60","1,082.66","1,077.60","1,078.48",-0.38
"Mar 28, 2017","1,077.98","1,085.06","1,077.73","1,082.57",0.44
"Mar 27, 2017","1,071.88","1,078.84","1,065.04","1,077.84",-0.15
"Mar 24, 2017","1,081.75","1,084.05","1,077.17","1,079.51",0.02
"Mar 23, 2017","1,077.04","1,081.03","1,075.77","1,079.33",0.15
"Mar 22, 2017","1,070.82","1,081.25","1,069.34","1,077.71",0.51
"Mar 21, 2017","1,090.89","1,091.81","1,071.67","1,072.20",-1.60
"Mar 20, 2017","1,086.50","1,090.83","1,083.74","1,089.61",0.17
"Mar 17, 2017","1,086.81","1,089.92","1,085.57","1,087.77",0.07
"Mar 16, 2017","1,089.52","1,089.91","1,085.77","1,087.00",-0.01
"Mar 15, 2017","1,087.66","1,091.58","1,085.75","1,087.14",0.08
"Mar 14, 2017","1,088.07","1,088.07","1,080.82","1,086.24",-0.37
"Mar 13, 2017","1,086.20","1,092.86","1,085.66","1,090.24",0.43
"Mar 10, 2017","1,085.55","1,086.77","1,081.69","1,085.52",-0.06
"Mar 09, 2017","1,084.58","1,087.34","1,083.34","1,086.17",0.11
"Mar 08, 2017","1,094.74","1,096.08","1,084.76","1,085.00",-0.69
"Mar 07, 2017","1,091.37","1,096.97","1,089.01","1,092.51",0.15
"Mar 06, 2017","1,085.28","1,091.73","1,083.59","1,090.83",0.41
"Mar 03, 2017","1,079.25","1,087.39","1,078.07","1,086.33",0.73
"Mar 02, 2017","1,089.32","1,090.04","1,078.19","1,078.45",-1.02
"Mar 01, 2017","1,079.65","1,090.64","1,079.65","1,089.53",1.58
"Feb 28, 2017","1,071.60","1,075.01","1,071.60","1,072.55",0.19
"Feb 27, 2017","1,069.18","1,072.56","1,069.15","1,070.56",0.17
"Feb 24, 2017","1,065.50","1,072.20","1,064.62","1,068.70",-0.16
"Feb 23, 2017","1,077.28","1,078.33","1,066.80","1,070.37",-0.64
"Feb 22, 2017","1,075.36","1,078.24","1,075.28","1,077.21",-0.01
"Feb 21, 2017","1,079.89","1,081.46","1,076.02","1,077.31",-0.08
"Feb 17, 2017","1,079.57","1,079.82","1,076.07","1,078.17",-0.40
"Feb 16, 2017","1,083.41","1,083.81","1,079.09","1,082.45",-0.20
"Feb 15, 2017","1,087.78","1,089.11","1,084.10","1,084.67",-0.17
"Feb 14, 2017","1,086.52","1,090.28","1,085.42","1,086.55",-0.01
"Feb 13, 2017","1,084.54","1,090.14","1,084.39","1,086.70",0.26
"Feb 10, 2017","1,088.28","1,088.28","1,082.71","1,083.92",-0.27
"Feb 09, 2017","1,088.37","1,088.82","1,083.78","1,086.83",0.07
"Feb 08, 2017","1,089.89","1,089.89","1,083.96","1,086.05",-0.56
"Feb 07, 2017","1,091.94","1,093.93","1,090.49","1,092.22",0.06
"Feb 06, 2017","1,091.52","1,093.86","1,089.87","1,091.54",-0.02
"Feb 03, 2017","1,086.55","1,091.88","1,086.55","1,091.74",0.64
"Feb 02, 2017","1,087.10","1,088.22","1,083.89","1,084.83",-0.49
"Feb 01, 2017","1,090.19","1,094.18","1,087.49","1,090.13",0.42
"Jan 31, 2017","1,089.57","1,093.19","1,084.80","1,085.53",-0.34
"Jan 30, 2017","1,090.56","1,092.27","1,086.13","1,089.26",-0.24
"Jan 27, 2017","1,089.25","1,092.69","1,089.25","1,091.90",0.25
"Jan 26, 2017","1,085.97","1,089.78","1,084.96","1,089.19",0.34
"Jan 25, 2017","1,082.20","1,085.78","1,081.10","1,085.53",0.26
"Jan 24, 2017","1,078.91","1,084.13","1,077.78","1,082.70",0.39
"Jan 23, 2017","1,079.27","1,080.56","1,077.64","1,078.52",-0.15
"Jan 20, 2017","1,078.99","1,083.69","1,078.26","1,080.18",0.16
"Jan 19, 2017","1,076.76","1,080.09","1,076.43","1,078.50",0.15
"Jan 18, 2017","1,072.65","1,078.66","1,072.43","1,076.87",0.29
"Jan 17, 2017","1,078.82","1,078.95","1,073.25","1,073.79",-0.50
"Jan 13, 2017","1,076.19","1,079.42","1,076.04","1,079.17",0.33
"Jan 12, 2017","1,081.89","1,082.09","1,073.46","1,075.58",-0.57
"Jan 11, 2017","1,078.27","1,083.29","1,076.78","1,081.73",0.31
"Jan 10, 2017","1,070.91","1,078.59","1,070.22","1,078.39",0.69
"Jan 09, 2017","1,073.23","1,075.84","1,069.92","1,071.05",-0.19
"Jan 06, 2017","1,074.48","1,077.92","1,072.25","1,073.06",-0.11
"Jan 05, 2017","1,078.76","1,082.41","1,074.00","1,074.27",-0.28
"Jan 04, 2017","1,081.59","1,082.10","1,076.06","1,077.25",-0.40
"Jan 03, 2017","1,089.60","1,090.36","1,079.56","1,081.63",-0.89
"Dec 30, 2016","1,095.44","1,096.16","1,091.19","1,091.34",-0.38
"Dec 29, 2016","1,091.50","1,095.91","1,090.25","1,095.48",0.40
"Dec 28, 2016","1,091.13","1,093.07","1,090.04","1,091.17",0.01
"Dec 27, 2016","1,092.28","1,092.61","1,087.84","1,091.02",-0.17
"Dec 23, 2016","1,095.21","1,095.51","1,092.49","1,092.91",-0.26
"Dec 22, 2016","1,092.35","1,096.98","1,092.35","1,095.75",0.33
"Dec 21, 2016","1,090.66","1,094.50","1,090.56","1,092.20",0.18
"Dec 20, 2016","1,088.34","1,090.98","1,086.50","1,090.27",0.10
"Dec 19, 2016","1,085.85","1,089.52","1,084.40","1,089.14",0.41
"Dec 16, 2016","1,091.50","1,092.81","1,084.49","1,084.66",-0.65
"Dec 15, 2016","1,091.24","1,093.77","1,088.38","1,091.77",-0.13
"Dec 14, 2016","1,090.61","1,095.08","1,089.87","1,093.20",0.30
"Dec 13, 2016","1,091.12","1,092.13","1,088.80","1,089.98",-0.10
"Dec 12, 2016","1,086.92","1,091.69","1,085.32","1,091.08",0.27
"Dec 09, 2016","1,095.04","1,095.40","1,087.22","1,088.11",-0.46
"Dec 08, 2016","1,098.52","1,099.63","1,092.57","1,093.09",-0.36
"Dec 07, 2016","1,098.39","1,098.84","1,095.33","1,097.03",0.06
"Dec 06, 2016","1,097.20","1,100.19","1,095.29","1,096.34",-0.11
"Dec 05, 2016","1,100.74","1,101.97","1,095.32","1,097.57",-0.35
"Dec 02, 2016","1,097.85","1,101.81","1,096.86","1,101.40",0.37
"Dec 01, 2016","1,098.07","1,099.21","1,092.80","1,097.33",-0.27
"Nov 30, 2016","1,106.97","1,107.88","1,099.42","1,100.31",-0.96
"Nov 29, 2016","1,100.29","1,111.32","1,100.25","1,110.93",0.92
"Nov 28, 2016","1,096.17","1,104.72","1,096.08","1,100.85",0.64
"Nov 25, 2016","1,090.27","1,095.30","1,089.39","1,093.83",0.33
"Nov 23, 2016","1,092.10","1,096.77","1,088.82","1,090.23",-0.14
"Nov 22, 2016","1,083.73","1,092.57","1,083.01","1,091.76",0.71
"Nov 21, 2016","1,086.74","1,088.63","1,083.30","1,084.05",-0.17
"Nov 18, 2016","1,084.92","1,089.68","1,081.33","1,085.92",0.15
"Nov 17, 2016","1,089.91","1,090.98","1,083.76","1,084.26",-0.59
"Nov 16, 2016","1,084.51","1,090.81","1,083.30","1,090.74",0.94
"Nov 15, 2016","1,078.21","1,090.49","1,076.82","1,080.57",0.40
"Nov 14, 2016","1,091.59","1,091.59","1,072.46","1,076.31",-1.48
"Nov 11, 2016","1,096.72","1,100.90","1,091.82","1,092.45",0.00
"Nov 10, 2016","1,123.94","1,124.11","1,089.57","1,092.44",-3.13
"Nov 09, 2016","1,148.10","1,148.78","1,127.50","1,127.79",-1.97
"Nov 08, 2016","1,149.31","1,160.29","1,147.84","1,150.46",0.35
"Nov 07, 2016","1,146.70","1,147.41","1,141.66","1,146.42",-0.40
"Nov 04, 2016","1,152.21","1,152.38","1,145.17","1,151.06",-0.21
"Nov 03, 2016","1,149.15","1,153.60","1,145.04","1,153.53",0.46
"Nov 02, 2016","1,148.00","1,152.35","1,146.35","1,148.30",0.23
"Nov 01, 2016","1,150.97","1,151.79","1,145.39","1,145.69",-0.58
"Oct 31, 2016","1,146.60","1,152.51","1,141.77","1,152.36",0.52
"Oct 28, 2016","1,142.01","1,149.59","1,141.83","1,146.37",0.35
"Oct 27, 2016","1,147.73","1,147.73","1,138.57","1,142.41",-0.79
"Oct 26, 2016","1,161.63","1,162.05","1,149.20","1,151.45",-0.92
"Oct 25, 2016","1,160.44","1,164.02","1,156.81","1,162.18",0.13
"Oct 24, 2016","1,158.85","1,161.51","1,157.99","1,160.70",0.02
"Oct 21, 2016","1,163.08","1,166.47","1,158.87","1,160.45",-0.37
"Oct 20, 2016","1,168.63","1,169.23","1,163.89","1,164.79",-0.23
"Oct 19, 2016","1,173.29","1,173.29","1,166.05","1,167.53",-0.54
"Oct 18, 2016","1,178.45","1,178.45","1,173.73","1,173.82",-0.51
"Oct 17, 2016","1,174.79","1,181.93","1,173.47","1,179.81",0.46
"Oct 14, 2016","1,169.25","1,176.43","1,165.46","1,174.41",0.24
"Oct 13, 2016","1,165.11","1,175.79","1,164.94","1,171.58",0.82
"Oct 12, 2016","1,152.35","1,162.44","1,151.05","1,162.06",0.98
"Oct 11, 2016","1,148.78","1,153.55","1,144.38","1,150.73",0.34
"Oct 10, 2016","1,145.61","1,149.23","1,145.26","1,146.79",-0.06
"Oct 07, 2016","1,146.30","1,150.03","1,145.32","1,147.53",0.16
"Oct 06, 2016","1,133.34","1,145.73","1,131.85","1,145.65",1.02
"Oct 05, 2016","1,149.24","1,149.24","1,132.51","1,134.13",-1.44
"Oct 04, 2016","1,159.11","1,159.22","1,148.11","1,150.75",-0.92
"Oct 03, 2016","1,167.45","1,167.78","1,160.75","1,161.42",-0.45
"Sep 30, 2016","1,176.30","1,179.84","1,166.60","1,166.69",-0.87
"Sep 29, 2016","1,172.66","1,178.86","1,167.04","1,176.96",0.29
"Sep 28, 2016","1,173.81","1,178.87","1,170.98","1,173.51",-0.21
"Sep 27, 2016","1,178.54","1,181.07","1,171.66","1,175.93",-0.01
"Sep 26, 2016","1,167.59","1,177.46","1,167.59","1,176.06",0.88
"Sep 23, 2016","1,171.01","1,171.01","1,158.80","1,165.78",-0.44
"Sep 22, 2016","1,171.09","1,172.81","1,168.09","1,170.92",-0.03
"Sep 21, 2016","1,166.05","1,171.52","1,161.01","1,171.25",0.40
"Sep 20, 2016","1,162.73","1,168.13","1,162.55","1,166.64",0.35
"Sep 19, 2016","1,155.78","1,163.36","1,155.21","1,162.55",0.46
"Sep 16, 2016","1,159.79","1,161.40","1,154.47","1,157.22",-0.08
"Sep 15, 2016","1,158.97","1,160.67","1,156.17","1,158.16",0.04
"Sep 14, 2016","1,152.78","1,160.45","1,150.11","1,157.66",0.46
"Sep 13, 2016","1,154.35","1,160.08","1,150.70","1,152.41",0.07
"Sep 12, 2016","1,158.22","1,163.94","1,150.33","1,151.57",-0.40
"Sep 09, 2016","1,159.90","1,159.90","1,153.43","1,156.14",-0.40
"Sep 08, 2016","1,166.81","1,168.57","1,158.73","1,160.83",-0.68
"Sep 07, 2016","1,176.83","1,176.83","1,167.27","1,168.81",-0.86
"Sep 06, 2016","1,177.37","1,180.72","1,171.81","1,178.91",0.18
"Sep 02, 2016","1,174.12","1,182.17","1,173.11","1,176.78",0.23
"Sep 01, 2016","1,166.20","1,175.94","1,163.42","1,174.12",0.61
"Aug 31, 2016","1,162.72","1,172.27","1,158.38","1,166.96",0.44
"Aug 30, 2016","1,167.89","1,167.89","1,156.64","1,161.89",-0.44
"Aug 29, 2016","1,166.62","1,169.98","1,164.75","1,167.07",0.05
"Aug 26, 2016","1,169.74","1,171.36","1,162.26","1,166.45",-0.35
"Aug 25, 2016","1,168.91","1,173.28","1,164.89","1,170.56",0.14
"Aug 24, 2016","1,159.32","1,169.51","1,151.67","1,168.94",0.74
"Aug 23, 2016","1,168.00","1,168.33","1,159.21","1,160.41",-0.82
"Aug 22, 2016","1,166.49","1,173.24","1,166.49","1,170.03",0.45
"Aug 19, 2016","1,167.53","1,168.38","1,163.72","1,164.81",-0.02
"Aug 18, 2016","1,166.72","1,168.76","1,163.80","1,165.03",-0.22
"Aug 17, 2016","1,161.91","1,169.29","1,160.96","1,167.61",0.58
"Aug 16, 2016","1,166.30","1,167.44","1,158.38","1,160.87",-0.49
"Aug 15, 2016","1,180.17","1,180.17","1,165.96","1,166.64",-1.31
"Aug 12, 2016","1,183.75","1,188.03","1,181.88","1,182.15",-0.02
"Aug 11, 2016","1,194.11","1,194.11","1,180.79","1,182.39",-1.07
"Aug 10, 2016","1,186.15","1,195.26","1,185.43","1,195.13",0.72
"Aug 09, 2016","1,180.12","1,187.12","1,178.43","1,186.63",0.48
"Aug 08, 2016","1,184.28","1,184.28","1,173.10","1,181.00",-0.47
"Aug 05, 2016","1,201.85","1,201.85","1,184.95","1,186.62",-1.33
"Aug 04, 2016","1,202.10","1,207.25","1,197.30","1,202.66",0.08
"Aug 03, 2016","1,217.60","1,220.10","1,198.99","1,201.72",-1.30
"Aug 02, 2016","1,207.82","1,221.52","1,203.54","1,217.61",0.79
"Aug 01, 2016","1,201.61","1,209.30","1,197.80","1,208.04",0.56
"Jul 29, 2016","1,204.20","1,215.96","1,201.08","1,201.31",-0.17
"Jul 28, 2016","1,195.48","1,205.91","1,195.33","1,203.40",0.55
"Jul 27, 2016","1,196.48","1,202.14","1,186.40","1,196.80",-0.10
"Jul 26, 2016","1,208.02","1,209.86","1,197.46","1,198.00",-0.73
"Jul 25, 2016","1,209.71","1,212.48","1,205.19","1,206.75",-0.23
"Jul 22, 2016","1,204.81","1,215.17","1,204.81","1,209.57",0.38
"Jul 21, 2016","1,211.89","1,211.89","1,197.14","1,205.05",-0.63
"Jul 20, 2016","1,225.46","1,228.74","1,212.36","1,212.73",-1.04
"Jul 19, 2016","1,218.13","1,226.29","1,217.16","1,225.49",0.79
"Jul 18, 2016","1,225.81","1,231.12","1,214.73","1,215.87",-0.77
"Jul 15, 2016","1,230.02","1,234.34","1,224.13","1,225.29",-0.44
"Jul 14, 2016","1,239.20","1,239.20","1,227.58","1,230.66",-0.84
"Jul 13, 2016","1,235.02","1,249.38","1,232.28","1,241.03",0.50
"Jul 12, 2016","1,256.99","1,256.99","1,232.12","1,234.83",-2.22
"Jul 11, 2016","1,269.35","1,269.35","1,254.26","1,262.82",-0.64
"Jul 08, 2016","1,286.10","1,286.10","1,268.40","1,271.00",-1.41
"Jul 07, 2016","1,300.60","1,300.60","1,278.88","1,289.21",-0.97
"Jul 06, 2016","1,309.16","1,321.76","1,301.05","1,301.87",-0.33
"Jul 05, 2016","1,273.17","1,311.39","1,273.17","1,306.13",2.86
"Jul 01, 2016","1,283.78","1,285.58","1,264.33","1,269.83",-0.93
"Jun 30, 2016","1,276.36","1,290.11","1,275.63","1,281.73",0.35
"Jun 29, 2016","1,285.21","1,290.05","1,273.05","1,277.24",-0.74
"Jun 28, 2016","1,294.38","1,294.38","1,280.24","1,286.70",-0.79
"Jun 27, 2016","1,262.93","1,298.46","1,262.93","1,297.01",2.93
"Jun 24, 2016","1,220.08","1,261.61","1,220.08","1,260.14",3.18
"Jun 23, 2016","1,234.07","1,234.07","1,220.84","1,221.27",-1.21
"Jun 22, 2016","1,236.39","1,236.86","1,227.31","1,236.27",-0.03
"Jun 21, 2016","1,229.81","1,243.06","1,229.81","1,236.58",0.53
"Jun 20, 2016","1,235.20","1,235.20","1,222.35","1,230.07",-0.57
"Jun 17, 2016","1,249.49","1,249.49","1,228.73","1,237.11",-1.05
"Jun 16, 2016","1,245.32","1,260.34","1,245.32","1,250.26",0.64
"Jun 15, 2016","1,249.05","1,249.05","1,228.11","1,242.31",-0.62
"Jun 14, 2016","1,239.65","1,254.91","1,232.78","1,250.00",0.93
"Jun 13, 2016","1,236.45","1,240.22","1,227.59","1,238.46",0.22
"Jun 10, 2016","1,219.63","1,235.95","1,219.63","1,235.74",1.62
"Jun 09, 2016","1,203.30","1,216.93","1,203.30","1,216.04",1.24
"Jun 08, 2016","1,193.43","1,201.24","1,189.86","1,201.10",0.57
"Jun 07, 2016","1,196.31","1,202.32","1,191.57","1,194.29",-0.09
"Jun 06, 2016","1,211.95","1,211.95","1,194.83","1,195.38",-1.44
"Jun 03, 2016","1,207.22","1,221.67","1,207.22","1,212.88",0.55
"Jun 02, 2016","1,216.08","1,216.82","1,205.25","1,206.24",-0.69
"Jun 01, 2016","1,217.97","1,228.64","1,213.67","1,214.62",-0.05
"May 31, 2016","1,224.36","1,224.46","1,210.50","1,215.21",-0.80
"May 27, 2016","1,227.93","1,230.25","1,220.21","1,224.96",-0.14
"May 26, 2016","1,222.58","1,228.77","1,220.73","1,226.73",0.34
"May 25, 2016","1,236.13","1,237.14","1,221.77","1,222.54",-1.20
"May 24, 2016","1,231.68","1,239.45","1,230.24","1,237.33",0.43
"May 23, 2016","1,236.00","1,236.67","1,227.83","1,232.03",-0.33
"May 20, 2016","1,248.22","1,248.22","1,236.15","1,236.17",-0.95
"May 19, 2016","1,245.34","1,251.58","1,238.23","1,248.08",0.24
"May 18, 2016","1,242.18","1,246.39","1,233.00","1,245.11",0.30
"May 17, 2016","1,260.01","1,260.01","1,237.64","1,241.43",-1.47
"May 16, 2016","1,261.87","1,262.85","1,252.17","1,260.00",-0.21
"May 13, 2016","1,257.11","1,264.55","1,253.30","1,262.63",0.52
"May 12, 2016","1,237.33","1,257.91","1,231.60","1,256.04",1.46
"May 11, 2016","1,230.60","1,241.33","1,226.76","1,237.92",0.68
"May 10, 2016","1,235.67","1,239.22","1,226.66","1,229.60",-0.47
"May 09, 2016","1,226.26","1,236.49","1,225.96","1,235.45",0.73
"May 06, 2016","1,219.27","1,226.82","1,215.61","1,226.53",0.67
"May 05, 2016","1,210.96","1,220.68","1,205.08","1,218.32",0.51
"May 04, 2016","1,203.65","1,214.47","1,196.12","1,212.09",0.80
"May 03, 2016","1,191.92","1,206.93","1,191.26","1,202.45",1.00
"May 02, 2016","1,179.53","1,193.66","1,178.29","1,190.54",0.88
"Apr 29, 2016","1,170.76","1,185.78","1,165.46","1,180.13",0.90
"Apr 28, 2016","1,159.97","1,169.85","1,157.33","1,169.56",0.67
"Apr 27, 2016","1,167.89","1,169.98","1,158.09","1,161.81",-0.54
"Apr 26, 2016","1,179.35","1,180.24","1,166.80","1,168.08",-1.00
"Apr 25, 2016","1,163.28","1,180.71","1,162.49","1,179.84",1.53
"Apr 22, 2016","1,172.45","1,172.45","1,157.38","1,162.06",-0.99
"Apr 21, 2016","1,182.76","1,182.76","1,170.69","1,173.65",-0.90
"Apr 20, 2016","1,197.24","1,197.55","1,182.28","1,184.28",-1.11
"Apr 19, 2016","1,206.14","1,206.45","1,193.83","1,197.52",-0.93
"Apr 18, 2016","1,208.45","1,216.13","1,202.17","1,208.73",0.12
"Apr 15, 2016","1,202.62","1,211.05","1,201.82","1,207.31",0.43
"Apr 14, 2016","1,202.82","1,208.77","1,201.38","1,202.20",-0.02
"Apr 13, 2016","1,223.84","1,223.84","1,200.40","1,202.48",-1.92
"Apr 12, 2016","1,237.85","1,237.85","1,223.92","1,225.97",-1.01
"Apr 11, 2016","1,241.26","1,241.26","1,231.55","1,238.53",-0.31
"Apr 08, 2016","1,242.56","1,244.37","1,231.45","1,242.44",-0.16
"Apr 07, 2016","1,237.64","1,245.35","1,231.96","1,244.39",0.62
"Apr 06, 2016","1,240.97","1,247.24","1,232.98","1,236.69",-0.41
"Apr 05, 2016","1,242.24","1,248.20","1,239.21","1,241.73",0.09
"Apr 04, 2016","1,235.80","1,241.74","1,223.54","1,240.59",0.39
"Apr 01, 2016","1,226.11","1,240.74","1,226.11","1,235.73",0.97
"Mar 31, 2016","1,237.54","1,237.54","1,223.19","1,223.91",-1.11
"Mar 30, 2016","1,231.61","1,242.69","1,222.77","1,237.67",0.26
"Mar 29, 2016","1,240.56","1,255.29","1,232.46","1,234.47",-0.31
"Mar 28, 2016","1,230.31","1,244.64","1,228.43","1,238.34",0.63
"Mar 24, 2016","1,234.44","1,250.78","1,230.56","1,230.57",-0.21
"Mar 23, 2016","1,206.06","1,233.42","1,205.56","1,233.12",2.37
"Mar 22, 2016","1,209.26","1,214.15","1,202.02","1,204.58",-0.22
"Mar 21, 2016","1,209.60","1,213.35","1,197.18","1,207.19",-0.14
"Mar 18, 2016","1,216.73","1,218.84","1,200.89","1,208.85",-0.81
"Mar 17, 2016","1,234.44","1,236.50","1,211.69","1,218.70",-1.35
"Mar 16, 2016","1,250.37","1,251.76","1,234.60","1,235.39",-1.14
"Mar 15, 2016","1,225.17","1,255.46","1,224.87","1,249.58",2.16
"Mar 14, 2016","1,221.21","1,232.34","1,218.05","1,223.18",0.16
"Mar 11, 2016","1,242.44","1,242.44","1,220.13","1,221.27",-1.78
"Mar 10, 2016","1,236.36","1,251.82","1,235.60","1,243.44",0.48
"Mar 09, 2016","1,234.67","1,248.95","1,228.74","1,237.50",0.11
"Mar 08, 2016","1,199.39","1,236.50","1,199.39","1,236.15",3.10
"Mar 07, 2016","1,222.84","1,223.02","1,195.27","1,198.98",-1.92
"Mar 04, 2016","1,232.81","1,233.41","1,201.62","1,222.40",-0.91
"Mar 03, 2016","1,257.10","1,257.39","1,230.18","1,233.60",-1.82
"Mar 02, 2016","1,277.57","1,279.58","1,255.63","1,256.43",-1.62
"Mar 01, 2016","1,286.53","1,290.90","1,276.79","1,277.14",-0.81
"Feb 29, 2016","1,291.96","1,295.91","1,286.27","1,287.55",-0.36
"Feb 26, 2016","1,308.52","1,308.52","1,286.55","1,292.21",-1.41
"Feb 25, 2016","1,307.80","1,320.12","1,304.28","1,310.74",0.28
"Feb 24, 2016","1,304.84","1,326.17","1,304.84","1,307.04",0.38
"Feb 23, 2016","1,294.05","1,306.95","1,291.17","1,302.13",0.78
"Feb 22, 2016","1,308.05","1,308.05","1,291.13","1,292.04",-1.30
"Feb 19, 2016","1,288.05","1,313.19","1,288.05","1,309.08",1.78
"Feb 18, 2016","1,297.12","1,307.59","1,284.53","1,286.21",-0.84
"Feb 17, 2016","1,316.16","1,316.41","1,287.52","1,297.17",-1.51
"Feb 16, 2016","1,333.18","1,338.15","1,315.88","1,317.04",-1.35
"Feb 12, 2016","1,354.01","1,354.15","1,332.07","1,335.05",-1.31
"Feb 11, 2016","1,340.19","1,359.39","1,338.16","1,352.75",1.03
"Feb 10, 2016","1,331.18","1,344.75","1,331.04","1,338.94",0.50
"Feb 09, 2016","1,313.14","1,335.18","1,311.80","1,332.26",1.64
"Feb 08, 2016","1,297.76","1,316.28","1,296.91","1,310.77",1.04
"Feb 05, 2016","1,314.04","1,321.86","1,295.54","1,297.22",-1.18
"Feb 04, 2016","1,346.41","1,346.41","1,305.74","1,312.72",-2.51
"Feb 03, 2016","1,371.93","1,378.09","1,346.31","1,346.58",-2.03
"Feb 02, 2016","1,360.34","1,376.10","1,360.10","1,374.53",1.11
"Feb 01, 2016","1,358.71","1,370.17","1,357.90","1,359.39",0.16
"Jan 29, 2016","1,363.60","1,363.60","1,351.63","1,357.22",-0.55
"Jan 28, 2016","1,355.82","1,367.41","1,350.20","1,364.71",0.52
"Jan 27, 2016","1,369.03","1,373.21","1,353.99","1,357.63",-0.71
"Jan 26, 2016","1,382.86","1,382.86","1,366.38","1,367.31",-1.16
"Jan 25, 2016","1,372.50","1,385.29","1,372.41","1,383.31",0.83
"Jan 22, 2016","1,364.02","1,375.50","1,353.11","1,371.94",0.55
"Jan 21, 2016","1,385.49","1,386.27","1,359.84","1,364.40",-1.50
"Jan 20, 2016","1,391.59","1,403.50","1,384.08","1,385.14",-0.41
"Jan 19, 2016","1,378.18","1,393.57","1,376.19","1,390.79",0.96
"Jan 15, 2016","1,372.91","1,386.28","1,369.83","1,377.57",0.14
"Jan 14, 2016","1,375.39","1,382.09","1,370.21","1,375.69",0.03
"Jan 13, 2016","1,378.67","1,382.14","1,369.35","1,375.27",-0.30
"Jan 12, 2016","1,362.91","1,383.68","1,360.71","1,379.38",1.18
"Jan 11, 2016","1,347.21","1,364.65","1,346.35","1,363.30",1.18
"Jan 08, 2016","1,347.09","1,354.59","1,345.88","1,347.44",-0.03
"Jan 07, 2016","1,338.68","1,348.66","1,338.42","1,347.86",0.75
"Jan 06, 2016","1,320.38","1,339.73","1,319.06","1,337.87",1.42
"Jan 05, 2016","1,309.83","1,321.91","1,309.83","1,319.18",0.69
"Jan 04, 2016","1,331.54","1,333.69","1,308.22","1,310.09",-1.57
"Dec 31, 2015","1,340.87","1,340.99","1,330.90","1,330.99",-0.72
"Dec 30, 2015","1,336.14","1,342.45","1,333.66","1,340.58",0.40
"Dec 29, 2015","1,335.70","1,339.92","1,331.54","1,335.29",-0.07
"Dec 28, 2015","1,322.97","1,336.30","1,322.97","1,336.21",1.05
"Dec 24, 2015","1,320.43","1,322.99","1,318.13","1,322.26",0.14
"Dec 23, 2015","1,337.44","1,338.47","1,319.23","1,320.43",-1.36
"Dec 22, 2015","1,352.00","1,353.50","1,334.61","1,338.65",-0.94
"Dec 21, 2015","1,353.14","1,357.83","1,347.59","1,351.40",-0.06
"Dec 18, 2015","1,360.16","1,361.69","1,352.02","1,352.24",-0.58
"Dec 17, 2015","1,354.39","1,364.92","1,352.79","1,360.09",0.47
"Dec 16, 2015","1,356.09","1,357.68","1,347.79","1,353.72",-0.12
"Dec 15, 2015","1,358.73","1,358.73","1,350.36","1,355.41",-0.20
"Dec 14, 2015","1,341.02","1,358.84","1,340.69","1,358.16",1.26
"Dec 11, 2015","1,335.01","1,345.87","1,332.12","1,341.32",0.57
"Dec 10, 2015","1,337.56","1,337.56","1,329.87","1,333.77",-0.27
"Dec 09, 2015","1,352.25","1,352.38","1,335.34","1,337.41",-1.21
"Dec 08, 2015","1,337.67","1,354.44","1,336.86","1,353.81",1.34
"Dec 07, 2015","1,337.52","1,345.18","1,332.05","1,335.90",0.01
"Dec 04, 2015","1,311.14","1,336.23","1,311.14","1,335.80",2.01
"Dec 03, 2015","1,312.32","1,321.79","1,308.94","1,309.48",-0.15
"Dec 02, 2015","1,303.93","1,312.45","1,301.95","1,311.46",0.64
"Dec 01, 2015","1,303.43","1,306.76","1,297.20","1,303.14",0.06
"Nov 30, 2015","1,313.64","1,314.83","1,301.03","1,302.35",-0.94
"Nov 27, 2015","1,303.54","1,314.87","1,303.54","1,314.69",0.91
"Nov 25, 2015","1,302.72","1,309.16","1,299.83","1,302.78",0.10
"Nov 24, 2015","1,311.86","1,311.86","1,300.13","1,301.43",-0.81
"Nov 23, 2015","1,311.27","1,315.77","1,306.49","1,312.07",0.07
"Nov 20, 2015","1,306.91","1,313.59","1,302.14","1,311.11",0.34
"Nov 19, 2015","1,304.53","1,310.29","1,304.25","1,306.69",0.22
"Nov 18, 2015","1,306.73","1,308.18","1,295.77","1,303.85",-0.24
"Nov 17, 2015","1,291.99","1,307.49","1,291.99","1,307.01",1.19
"Nov 16, 2015","1,301.99","1,301.99","1,288.01","1,291.60",-0.76
"Nov 13, 2015","1,302.08","1,307.86","1,299.69","1,301.43",-0.08
"Nov 12, 2015","1,300.25","1,306.43","1,293.22","1,302.41",0.33
"Nov 11, 2015","1,281.74","1,301.12","1,281.71","1,298.18",1.30
"Nov 10, 2015","1,273.05","1,282.42","1,271.77","1,281.53",0.71
"Nov 09, 2015","1,266.27","1,277.22","1,262.87","1,272.44",0.53
"Nov 06, 2015","1,267.43","1,274.38","1,263.81","1,265.73",0.09
"Nov 05, 2015","1,264.69","1,268.03","1,255.49","1,264.59",-0.11
"Nov 04, 2015","1,265.11","1,270.04","1,257.32","1,265.92",0.05
"Nov 03, 2015","1,275.51","1,277.01","1,262.77","1,265.23",-0.84
"Nov 02, 2015","1,287.27","1,288.80","1,274.08","1,276.00",-0.64
"Nov 01, 2015","1,284.24","1,284.24","1,284.24","1,284.24",0.00
"Oct 30, 2015","1,291.03","1,296.00","1,283.15","1,284.24",-0.56
"Oct 29, 2015","1,298.33","1,299.22","1,287.22","1,291.48",-0.63
"Oct 28, 2015","1,309.28","1,309.28","1,294.80","1,299.69",-0.54
"Oct 27, 2015","1,294.65","1,307.24","1,293.96","1,306.71",1.06
"Oct 26, 2015","1,281.46","1,293.36","1,280.10","1,293.06",0.98
"Oct 23, 2015","1,280.85","1,284.34","1,273.26","1,280.49",0.03
"Oct 22, 2015","1,280.51","1,283.87","1,270.35","1,280.09",-0.06
"Oct 21, 2015","1,274.14","1,283.68","1,271.32","1,280.88",0.55
"Oct 20, 2015","1,285.62","1,286.51","1,269.24","1,273.89",-0.87
"Oct 19, 2015","1,277.52","1,285.37","1,277.00","1,285.13",0.60
"Oct 16, 2015","1,263.00","1,282.06","1,263.00","1,277.42",1.22
"Oct 15, 2015","1,251.87","1,265.72","1,251.10","1,262.02",1.11
"Oct 14, 2015","1,261.18","1,263.68","1,246.05","1,248.12",-0.96
"Oct 13, 2015","1,264.79","1,270.38","1,257.54","1,260.23",-0.30
"Oct 12, 2015","1,240.20","1,268.12","1,240.20","1,264.06",2.00
"Oct 09, 2015","1,229.55","1,241.57","1,222.68","1,239.29",0.85
"Oct 08, 2015","1,241.79","1,245.08","1,226.20","1,228.88",-0.88
"Oct 07, 2015","1,245.88","1,245.88","1,225.90","1,239.73",-0.50
"Oct 06, 2015","1,273.76","1,274.74","1,244.47","1,245.99",-2.14
"Oct 05, 2015","1,295.95","1,295.95","1,268.62","1,273.29",-1.70
"Oct 02, 2015","1,309.66","1,309.66","1,293.93","1,295.36",-1.05
"Oct 01, 2015","1,291.11","1,309.39","1,283.84","1,309.09",1.34
"Sep 30, 2015","1,289.71","1,295.71","1,287.38","1,291.74",0.16
"Sep 29, 2015","1,294.43","1,294.43","1,286.31","1,289.72",-0.39
"Sep 28, 2015","1,297.50","1,305.03","1,290.74","1,294.77",-0.17
"Sep 25, 2015","1,292.63","1,303.15","1,292.63","1,297.03",0.40
"Sep 24, 2015","1,294.82","1,298.26","1,288.88","1,291.88",-0.18
"Sep 23, 2015","1,277.18","1,294.75","1,276.75","1,294.17",1.35
"Sep 22, 2015","1,269.79","1,277.87","1,269.79","1,276.88",0.47
"Sep 21, 2015","1,265.41","1,271.68","1,263.55","1,270.87",0.51
"Sep 18, 2015","1,253.42","1,267.65","1,252.89","1,264.44",0.89
"Sep 17, 2015","1,246.34","1,253.87","1,246.29","1,253.25",0.61
"Sep 16, 2015","1,259.74","1,259.74","1,243.28","1,245.60",-1.16
"Sep 15, 2015","1,265.30","1,265.30","1,255.44","1,260.19",-0.40
"Sep 14, 2015","1,264.02","1,269.68","1,263.95","1,265.20",0.13
"Sep 13, 2015","1,263.50","1,263.50","1,263.50","1,263.50",0.00
"Sep 11, 2015","1,254.78","1,264.70","1,254.78","1,263.50",0.79
"Sep 10, 2015","1,250.67","1,257.83","1,249.06","1,253.62",0.22
"Sep 09, 2015","1,249.10","1,253.54","1,239.30","1,250.85",0.18
"Sep 08, 2015","1,242.30","1,248.74","1,238.85","1,248.62",0.66
"Sep 04, 2015","1,234.94","1,240.91","1,233.59","1,240.39",0.49
"Sep 03, 2015","1,236.11","1,241.05","1,232.02","1,234.33",-0.11
"Sep 02, 2015","1,227.81","1,235.73","1,224.26","1,235.73",0.68
"Sep 01, 2015","1,223.87","1,228.38","1,221.64","1,227.41",0.23
"Aug 31, 2015","1,235.69","1,243.46","1,224.36","1,224.55",-0.85
"Aug 28, 2015","1,241.32","1,243.51","1,229.18","1,235.05",-0.49
"Aug 27, 2015","1,253.85","1,254.87","1,239.06","1,241.12",-1.07
"Aug 26, 2015","1,246.90","1,254.80","1,244.91","1,254.60",0.63
"Aug 25, 2015","1,241.07","1,247.07","1,240.37","1,246.71",0.62
"Aug 24, 2015","1,240.45","1,243.44","1,225.44","1,239.08",-0.39
"Aug 21, 2015","1,248.14","1,248.14","1,241.93","1,243.94",-0.45
"Aug 20, 2015","1,251.42","1,253.34","1,247.70","1,249.60",-0.31
"Aug 19, 2015","1,249.45","1,256.00","1,247.34","1,253.54",0.36
"Aug 18, 2015","1,250.71","1,254.54","1,248.68","1,248.99",-0.11
"Aug 17, 2015","1,247.81","1,250.63","1,246.50","1,250.33",0.14
"Aug 14, 2015","1,246.26","1,248.63","1,241.26","1,248.58",0.16
"Aug 13, 2015","1,232.30","1,250.54","1,232.30","1,246.56",1.15
"Aug 12, 2015","1,239.80","1,242.35","1,230.74","1,232.39",-0.57
"Aug 11, 2015","1,232.40","1,242.52","1,231.98","1,239.50",0.52
"Aug 10, 2015","1,249.85","1,252.28","1,231.81","1,233.06",-1.32
"Aug 07, 2015","1,245.94","1,250.06","1,236.91","1,249.55",0.35
"Aug 06, 2015","1,261.70","1,269.33","1,244.86","1,245.25",-1.22
"Aug 05, 2015","1,248.81","1,260.77","1,243.67","1,260.58",1.05
"Aug 04, 2015","1,246.94","1,248.56","1,240.55","1,247.46",0.05
"Aug 03, 2015","1,239.68","1,248.26","1,239.06","1,246.78",0.59
"Jul 31, 2015","1,238.95","1,241.20","1,235.32","1,239.42",0.04
"Jul 30, 2015","1,234.15","1,240.70","1,231.40","1,238.87",0.47
"Jul 29, 2015","1,235.01","1,236.48","1,225.58","1,233.05",-0.14
"Jul 28, 2015","1,238.13","1,238.38","1,230.70","1,234.75",-0.29
"Jul 27, 2015","1,239.77","1,242.33","1,235.29","1,238.32",-0.14
"Jul 24, 2015","1,233.71","1,241.90","1,233.71","1,240.03",0.58
"Jul 23, 2015","1,232.96","1,240.15","1,232.75","1,232.91",-0.07
"Jul 22, 2015","1,227.42","1,235.29","1,227.22","1,233.74",0.49
"Jul 21, 2015","1,229.37","1,229.50","1,222.76","1,227.78",-0.04
"Jul 20, 2015","1,219.99","1,229.14","1,219.99","1,228.25",0.77
"Jul 17, 2015","1,212.88","1,219.36","1,212.34","1,218.92",0.49
"Jul 16, 2015","1,207.28","1,214.43","1,205.52","1,212.93",0.53
"Jul 15, 2015","1,200.46","1,208.16","1,200.46","1,206.59",0.57
"Jul 14, 2015","1,198.12","1,200.17","1,195.53","1,199.74",0.16
"Jul 13, 2015","1,201.58","1,205.19","1,195.12","1,197.83",-0.28
"Jul 10, 2015","1,188.97","1,201.35","1,187.97","1,201.21",1.14
"Jul 09, 2015","1,186.39","1,189.12","1,183.63","1,187.65",0.12
"Jul 08, 2015","1,179.16","1,187.96","1,177.71","1,186.27",0.60
"Jul 07, 2015","1,181.70","1,187.35","1,177.62","1,179.18",-0.19
"Jul 06, 2015","1,171.18","1,181.46","1,170.75","1,181.38",0.85
"Jul 02, 2015","1,172.09","1,172.80","1,165.56","1,171.46",-0.03
"Jul 01, 2015","1,161.45","1,172.09","1,161.45","1,171.81",0.96
"Jun 30, 2015","1,156.24","1,162.03","1,154.44","1,160.70",0.41
"Jun 29, 2015","1,155.35","1,158.86","1,154.24","1,155.94",0.03
"Jun 26, 2015","1,156.82","1,159.52","1,154.32","1,155.58",-0.10
"Jun 25, 2015","1,148.12","1,156.93","1,148.12","1,156.74",0.78
"Jun 24, 2015","1,149.00","1,150.29","1,147.22","1,147.82",-0.11
"Jun 23, 2015","1,152.42","1,153.16","1,148.23","1,149.14",-0.23
"Jun 22, 2015","1,149.33","1,153.12","1,149.11","1,151.77",0.23
"Jun 19, 2015","1,148.10","1,149.92","1,147.11","1,149.14",0.11
"Jun 18, 2015","1,143.05","1,148.66","1,142.17","1,147.92",0.46
"Jun 17, 2015","1,143.79","1,144.45","1,141.14","1,142.63",-0.06
"Jun 16, 2015","1,141.27","1,145.08","1,141.27","1,143.35",0.21
"Jun 15, 2015","1,137.67","1,142.56","1,137.37","1,140.99",0.28
"Jun 12, 2015","1,136.15","1,139.02","1,135.94","1,137.80",0.12
"Jun 11, 2015","1,132.80","1,138.76","1,132.80","1,136.49",0.33
"Jun 10, 2015","1,131.08","1,134.38","1,126.57","1,132.77",0.14
"Jun 09, 2015","1,131.35","1,131.35","1,123.64","1,131.13",-0.01
"Jun 08, 2015","1,132.02","1,133.94","1,130.58","1,131.19",-0.04
"Jun 05, 2015","1,130.96","1,132.68","1,127.22","1,131.69",0.12
"Jun 04, 2015","1,129.52","1,133.32","1,129.44","1,130.36",0.01
"Jun 03, 2015","1,132.53","1,133.92","1,128.84","1,130.27",-0.21
"Jun 02, 2015","1,142.96","1,142.96","1,130.51","1,132.67",-0.93
"Jun 01, 2015","1,141.04","1,143.60","1,139.82","1,143.35",0.29
"May 29, 2015","1,137.09","1,141.61","1,136.76","1,140.10",0.32
"May 28, 2015","1,134.71","1,138.45","1,134.71","1,136.52",0.17
"May 27, 2015","1,126.09","1,134.93","1,126.04","1,134.59",0.87
"May 26, 2015","1,121.02","1,125.16","1,121.02","1,124.82",0.40
"May 22, 2015","1,119.33","1,122.09","1,117.30","1,120.33",0.13
"May 21, 2015","1,123.05","1,123.20","1,117.05","1,118.92",-0.30
"May 20, 2015","1,124.90","1,125.81","1,122.18","1,122.25",-0.28
"May 19, 2015","1,120.39","1,128.34","1,120.39","1,125.38",0.44
"May 18, 2015","1,117.12","1,122.41","1,116.43","1,120.44",0.29
"May 15, 2015","1,115.08","1,119.52","1,115.08","1,117.19",0.21
"May 14, 2015","1,108.31","1,114.98","1,106.91","1,114.82",0.62
"May 13, 2015","1,112.17","1,116.36","1,107.38","1,107.92",-0.32
"May 12, 2015","1,114.12","1,114.12","1,109.13","1,111.48",-0.42
"May 11, 2015","1,116.07","1,118.89","1,114.54","1,116.22",0.00
"May 08, 2015","1,116.55","1,123.14","1,114.62","1,116.22",0.05
"May 07, 2015","1,103.25","1,116.60","1,103.25","1,115.63",1.19
"May 06, 2015","1,099.47","1,105.47","1,098.84","1,102.52",0.26
"May 05, 2015","1,105.68","1,105.69","1,095.53","1,099.69",-0.54
"May 04, 2015","1,108.49","1,111.51","1,105.23","1,105.70",-0.21
"May 01, 2015","1,101.17","1,110.78","1,100.67","1,108.07",0.60
"Apr 30, 2015","1,107.24","1,113.19","1,099.93","1,101.44",-0.53
"Apr 29, 2015","1,123.39","1,125.30","1,105.54","1,107.34",-1.48
"Apr 28, 2015","1,130.05","1,130.05","1,121.81","1,123.99",-0.52
"Apr 27, 2015","1,136.60","1,136.67","1,127.58","1,129.88",-0.71
"Apr 24, 2015","1,137.67","1,139.73","1,133.40","1,137.94",-0.04
"Apr 23, 2015","1,141.07","1,141.97","1,135.96","1,138.39",-0.28
"Apr 22, 2015","1,146.22","1,146.82","1,138.42","1,141.54",-0.38
"Apr 21, 2015","1,135.36","1,147.15","1,135.36","1,145.90",1.04
"Apr 20, 2015","1,130.88","1,134.43","1,129.75","1,134.08",0.29
"Apr 17, 2015","1,129.20","1,133.28","1,127.41","1,130.84",0.15
"Apr 16, 2015","1,124.07","1,132.72","1,123.12","1,129.15",0.47
"Apr 15, 2015","1,142.24","1,144.81","1,122.19","1,123.89",-1.57
"Apr 14, 2015","1,147.08","1,149.34","1,141.70","1,141.81",-0.45
"Apr 13, 2015","1,151.86","1,154.00","1,146.92","1,146.96",-0.39
"Apr 10, 2015","1,147.86","1,153.40","1,147.86","1,151.40",0.37
"Apr 09, 2015","1,154.17","1,154.92","1,146.09","1,147.10",-0.68
"Apr 08, 2015","1,148.32","1,155.06","1,148.11","1,154.93",0.56
"Apr 07, 2015","1,153.63","1,155.76","1,148.14","1,148.46",-0.41
"Apr 06, 2015","1,163.14","1,164.77","1,151.75","1,153.19",-0.86
"Apr 02, 2015","1,169.83","1,170.93","1,163.19","1,163.22",-0.58
"Apr 01, 2015","1,169.74","1,170.56","1,164.87","1,170.00",0.00
"Mar 31, 2015","1,174.04","1,176.26","1,169.87","1,169.99",-0.35
"Mar 30, 2015","1,169.94","1,175.09","1,169.17","1,174.09",0.37
"Mar 27, 2015","1,161.90","1,171.00","1,161.68","1,169.73",0.73
"Mar 26, 2015","1,161.72","1,164.58","1,156.08","1,161.27",-0.13
"Mar 25, 2015","1,172.31","1,174.84","1,162.05","1,162.76",-0.82
"Mar 24, 2015","1,170.33","1,175.15","1,168.74","1,172.35",0.16
"Mar 23, 2015","1,175.75","1,176.09","1,169.17","1,170.51",-0.49
"Mar 20, 2015","1,175.72","1,177.90","1,170.48","1,176.24",-0.06
"Mar 19, 2015","1,169.42","1,178.95","1,169.42","1,176.92",0.73
"Mar 18, 2015","1,169.10","1,171.77","1,163.91","1,168.38",-0.02
"Mar 17, 2015","1,169.88","1,171.53","1,167.74","1,168.65",-0.07
"Mar 16, 2015","1,161.05","1,172.98","1,161.05","1,169.52",0.80
"Mar 13, 2015","1,154.30","1,163.91","1,154.30","1,160.23",0.59
"Mar 12, 2015","1,149.91","1,156.19","1,148.23","1,153.39",0.26
"Mar 11, 2015","1,150.37","1,154.41","1,150.28","1,150.45",0.04
"Mar 10, 2015","1,146.95","1,150.41","1,146.95","1,149.99",0.24
"Mar 09, 2015","1,139.47","1,148.08","1,139.47","1,147.24",0.66
"Mar 06, 2015","1,147.59","1,147.59","1,135.60","1,139.67",-0.70
"Mar 05, 2015","1,144.36","1,153.43","1,144.36","1,147.67",0.26
"Mar 04, 2015","1,144.84","1,149.29","1,143.87","1,144.66",-0.01
"Mar 03, 2015","1,148.58","1,149.09","1,139.99","1,144.82",-0.33
"Mar 02, 2015","1,143.84","1,151.38","1,143.84","1,148.66",0.39
"Feb 27, 2015","1,142.37","1,146.32","1,139.39","1,144.25",0.11
"Feb 26, 2015","1,140.26","1,144.54","1,136.78","1,142.96",0.44
"Feb 25, 2015","1,145.74","1,147.39","1,137.68","1,137.99",-0.64
"Feb 24, 2015","1,153.08","1,153.08","1,143.45","1,145.33",-0.69
"Feb 23, 2015","1,142.72","1,153.66","1,142.72","1,153.26",0.99
"Feb 20, 2015","1,137.61","1,145.29","1,136.93","1,141.97",0.38
"Feb 19, 2015","1,143.90","1,151.96","1,136.56","1,137.64",-0.60
"Feb 18, 2015","1,134.50","1,145.14","1,130.78","1,144.51",0.95
"Feb 17, 2015","1,136.11","1,145.70","1,132.73","1,133.69",-0.18
"Feb 13, 2015","1,147.05","1,147.05","1,133.05","1,135.71",-1.01
"Feb 12, 2015","1,150.10","1,150.10","1,142.56","1,147.35",-0.35
"Feb 11, 2015","1,153.61","1,160.08","1,149.15","1,151.43",-0.03
"Feb 10, 2015","1,139.97","1,152.69","1,139.76","1,151.78",0.99
"Feb 09, 2015","1,152.78","1,153.76","1,139.16","1,140.44",-1.07
"Feb 06, 2015","1,163.76","1,163.76","1,150.76","1,152.76",-1.01
"Feb 05, 2015","1,167.95","1,170.63","1,162.50","1,164.54",-0.23
"Feb 04, 2015","1,155.76","1,169.67","1,155.68","1,167.28",1.02
"Feb 03, 2015","1,171.93","1,171.93","1,151.61","1,155.51",-1.35
"Feb 02, 2015","1,188.10","1,188.10","1,171.04","1,171.37",-1.47
"Jan 30, 2015","1,201.67","1,204.14","1,188.87","1,188.88",-0.90
"Jan 29, 2015","1,192.62","1,199.85","1,192.62","1,199.73",0.54
"Jan 28, 2015","1,187.05","1,199.02","1,187.05","1,193.31",0.66
"Jan 27, 2015","1,184.57","1,190.49","1,184.57","1,185.45",0.04
"Jan 26, 2015","1,187.75","1,188.50","1,183.86","1,185.03",-0.17
"Jan 23, 2015","1,180.27","1,188.32","1,180.27","1,187.10",0.57
"Jan 22, 2015","1,180.17","1,180.75","1,175.59","1,180.40",0.01
"Jan 21, 2015","1,186.17","1,186.17","1,179.98","1,180.26",-0.60
"Jan 20, 2015","1,182.22","1,189.15","1,182.22","1,187.36",0.48
"Jan 16, 2015","1,178.95","1,182.26","1,176.22","1,181.73",0.24
"Jan 15, 2015","1,173.86","1,179.16","1,172.78","1,178.89",0.50
"Jan 14, 2015","1,164.86","1,178.07","1,164.86","1,173.08",0.64
"Jan 13, 2015","1,161.89","1,168.16","1,160.17","1,165.64",0.37
"Jan 12, 2015","1,159.11","1,165.96","1,159.11","1,161.38",0.18
"Jan 09, 2015","1,153.59","1,161.82","1,153.55","1,159.26",0.57
"Jan 08, 2015","1,150.97","1,153.68","1,149.12","1,152.64",0.21
"Jan 07, 2015","1,145.51","1,152.78","1,143.57","1,150.17",0.42
"Jan 06, 2015","1,140.97","1,147.49","1,140.64","1,145.41",0.43
"Jan 05, 2015","1,127.56","1,141.39","1,127.56","1,140.50",1.25
"Jan 02, 2015","1,122.29","1,129.93","1,121.94","1,126.45",0.42
"Dec 31, 2014","1,123.26","1,127.90","1,121.11","1,121.78",-0.13
"Dec 30, 2014","1,124.65","1,126.22","1,121.49","1,123.26",-0.12
"Dec 29, 2014","1,127.23","1,127.87","1,120.38","1,124.66",-0.29
"Dec 26, 2014","1,124.47","1,128.59","1,124.38","1,127.88",0.07
"Dec 24, 2014","1,121.20","1,129.79","1,121.20","1,127.14",0.53
"Dec 23, 2014","1,128.72","1,128.72","1,119.08","1,121.20",-0.67
"Dec 22, 2014","1,126.49","1,132.73","1,125.52","1,128.73",0.20
"Dec 19, 2014","1,134.00","1,134.83","1,126.48","1,126.49",-0.66
"Dec 18, 2014","1,133.65","1,135.43","1,130.27","1,134.01",0.03
